"naturaleza":"Centro público","provincia":"Huesca","nombre_centro":"@S`CRI@S","direccion_centro":"AVDA. DEL ROSARIO Y C/ DE LAS CIENCIAS"-n-"provincia":"Huesca"
"naturaleza":"Centro público","provincia":"Huesca","nombre_centro":"ABABOL","direccion_centro":"CL. ALBALATE, 2"-n-"provincia":"Huesca"
"naturaleza":"Centro público","provincia":"Huesca","nombre_centro":"ALBERTO GALINDO","direccion_centro":"Avda. Huesca, S/N"-n-"provincia":"Huesca"
"naturaleza":"Centro público","provincia":"Huesca","nombre_centro":"ALCORAZ","direccion_centro":"Cl. Binéfar, 5"-n-"provincia":"Huesca"
"naturaleza":"Centro público","provincia":"Huesca","nombre_centro":"ALTO ARAGÓN","direccion_centro":"Avda. Del Cinca, S/N"-n-"provincia":"Huesca"
"naturaleza":"Centro público","provincia":"Huesca","nombre_centro":"ANDARINES","direccion_centro":"CL. Castillones, nº 6 - 8"-n-"provincia":"Huesca"
"naturaleza":"Centro público","provincia":"Huesca","nombre_centro":"ARAGÓN","direccion_centro":"Cl. Calvario, 13"-n-"provincia":"Huesca"
"naturaleza":"Centro público","provincia":"Huesca","nombre_centro":"ARBOLEDA","direccion_centro":"AVDA. JOSÉ MARÍA PELEATO, 18"-n-"provincia":"Huesca"
"naturaleza":"Centro público","provincia":"Huesca","nombre_centro":"ARÉN","direccion_centro":"Cl. San Martín, 5"-n-"provincia":"Huesca"
"naturaleza":"Centro público","provincia":"Huesca","nombre_centro":"ASUNCIÓN PAÑART MONTANER","direccion_centro":"Cl. Cortes De Aragón, 1-3"-n-"provincia":"Huesca"
"naturaleza":"Centro público","provincia":"Huesca","nombre_centro":"ATALIA","direccion_centro":"CL. JOAQUÍN COSTA, 2"-n-"provincia":"Huesca"
"naturaleza":"Centro público","provincia":"Huesca","nombre_centro":"CARDELINA","direccion_centro":"Cl. Panticosa, 26"-n-"provincia":"Huesca"
"naturaleza":"Centro público","provincia":"Huesca","nombre_centro":"CERBÍN","direccion_centro":"Pza. Cabovila, 5"-n-"provincia":"Huesca"
"naturaleza":"Centro público","provincia":"Huesca","nombre_centro":"CHAVALINES","direccion_centro":"CL. COSO ALTO, 47"-n-"provincia":"Huesca"
"naturaleza":"Centro público","provincia":"Huesca","nombre_centro":"CLARA CAMPOAMOR","direccion_centro":"CL. HUERVA, 1"-n-"provincia":"Huesca"
"naturaleza":"Centro público","provincia":"Huesca","nombre_centro":"COLLARADA","direccion_centro":"Cami. La Fuente, S/N"-n-"provincia":"Huesca"
"naturaleza":"Centro público","provincia":"Huesca","nombre_centro":"CONCEPCIÓN BAÑERES","direccion_centro":"CL. MADRID, 7"-n-"provincia":"Huesca"
"naturaleza":"Centro público","provincia":"Huesca","nombre_centro":"DE ALCAMPELL","direccion_centro":"CL. LA LITERA, 15"-n-"provincia":"Huesca"
"naturaleza":"Centro público","provincia":"Huesca","nombre_centro":"DE ALCUBIERRE","direccion_centro":"CL. Herrería, S/N"-n-"provincia":"Huesca"
"naturaleza":"Centro público","provincia":"Huesca","nombre_centro":"DE BALLOBAR","direccion_centro":"CL. BARRIO NUEVO, S/N"-n-"provincia":"Huesca"
"naturaleza":"Centro público","provincia":"Huesca","nombre_centro":"DE BARBASTRO","direccion_centro":"CL. OBISPO AMBROSIO ECHEBARRÍA"-n-"provincia":"Huesca"
"naturaleza":"Centro público","provincia":"Huesca","nombre_centro":"DE BELVER DE CINCA","direccion_centro":"CL. TRAVESÍA DEL PILAR S/N"-n-"provincia":"Huesca"
"naturaleza":"Centro público","provincia":"Huesca","nombre_centro":"DE BIESCAS","direccion_centro":"AVDA. ZARAGOZA. 21"-n-"provincia":"Huesca"
"naturaleza":"Centro público","provincia":"Huesca","nombre_centro":"DE BROTO","direccion_centro":"CL. Morillo S/N"-n-"provincia":"Huesca"
"naturaleza":"Centro público","provincia":"Huesca","nombre_centro":"DE CANAL DE BERDÚN","direccion_centro":"PZA. DEL CASTILLO, 1-BAJO"-n-"provincia":"Huesca"
"naturaleza":"Centro público","provincia":"Huesca","nombre_centro":"DE ESTADILLA","direccion_centro":"C/ La Balsa, s/n"-n-"provincia":"Huesca"
"naturaleza":"Centro público","provincia":"Huesca","nombre_centro":"DE FONZ","direccion_centro":"CL. ZARAGOZA, 8"-n-"provincia":"Huesca"
"naturaleza":"Centro público","provincia":"Huesca","nombre_centro":"DE FRULA","direccion_centro":"RONDA SUR, 6"-n-"provincia":"Huesca"
"naturaleza":"Centro público","provincia":"Huesca","nombre_centro":"DE GRAÑÉN","direccion_centro":"CL. JUAN XXIII, 6"-n-"provincia":"Huesca"
"naturaleza":"Centro público","provincia":"Huesca","nombre_centro":"DE GURREA DE GÁLLEGO","direccion_centro":"CL. CERVANTES Nº 1"-n-"provincia":"Huesca"
"naturaleza":"Centro público","provincia":"Huesca","nombre_centro":"DE JACA","direccion_centro":"CL. BORNAO, S/N"-n-"provincia":"Huesca"
"naturaleza":"Centro público","provincia":"Huesca","nombre_centro":"DE LA COMARCA DE SOBRARBE","direccion_centro":"Pº. DE LOS NAVATEROS, S/N"-n-"provincia":"Huesca"
"naturaleza":"Centro público","provincia":"Huesca","nombre_centro":"DE LALUEZA","direccion_centro":"P.º COMENGE, 42"-n-"provincia":"Huesca"
"naturaleza":"Centro público","provincia":"Huesca","nombre_centro":"DE LANAJA","direccion_centro":"CL. José Borruel, S/N"-n-"provincia":"Huesca"
"naturaleza":"Centro público","provincia":"Huesca","nombre_centro":"DE NUENO","direccion_centro":"URB. PARQUE DE GUARA"-n-"provincia":"Huesca"
"naturaleza":"Centro público","provincia":"Huesca","nombre_centro":"DE PAÚLES DE SARSA","direccion_centro":"CL. ESCUELAS, S/N"-n-"provincia":"Huesca"
"naturaleza":"Centro público","provincia":"Huesca","nombre_centro":"DE PEÑALBA","direccion_centro":"CL. LAS AFUERAS, S/N"-n-"provincia":"Huesca"
"naturaleza":"Centro público","provincia":"Huesca","nombre_centro":"DE PERALTA DE ALCOFEA","direccion_centro":"CL. BALMES, 16"-n-"provincia":"Huesca"
"naturaleza":"Centro público","provincia":"Huesca","nombre_centro":"DE PUENTE LA REINA DE JACA","direccion_centro":"CL. MOLINO, S/N"-n-"provincia":"Huesca"
"naturaleza":"Centro público","provincia":"Huesca","nombre_centro":"DE ROBRES","direccion_centro":"CL. SAN BLAS, 9"-n-"provincia":"Huesca"
"naturaleza":"Centro público","provincia":"Huesca","nombre_centro":"DE SALLENT DE GÁLLEGO","direccion_centro":"Paseo Gigante Aragonés, 34 bis"-n-"provincia":"Huesca"
"naturaleza":"Centro público","provincia":"Huesca","nombre_centro":"DE SARIÑENA","direccion_centro":"CTRA. DE FRAGA, S/N"-n-"provincia":"Huesca"
"naturaleza":"Centro público","provincia":"Huesca","nombre_centro":"DE SENA","direccion_centro":"AVDA. de Huesca 14"-n-"provincia":"Huesca"
"naturaleza":"Centro público","provincia":"Huesca","nombre_centro":"DE SODETO","direccion_centro":"CL. GUITARRICO, 5, B"-n-"provincia":"Huesca"
"naturaleza":"Centro público","provincia":"Huesca","nombre_centro":"DE TORRENTE DE CINCA","direccion_centro":"CL. ARRABAL DEL NORTE, S/N"-n-"provincia":"Huesca"
"naturaleza":"Centro público","provincia":"Huesca","nombre_centro":"DE VILLANÚA","direccion_centro":"CL. FACI ABAD, S/N"-n-"provincia":"Huesca"
"naturaleza":"Centro público","provincia":"Huesca","nombre_centro":"EL PARQUE","direccion_centro":"Cl. Valentín Carderera, 6"-n-"provincia":"Huesca"
"naturaleza":"Centro público","provincia":"Huesca","nombre_centro":"EL PÍ","direccion_centro":"CL. MIGUEL FLETA, 3"-n-"provincia":"Huesca"
"naturaleza":"Centro público","provincia":"Huesca","nombre_centro":"EL TAMARINDO","direccion_centro":"CL. SAN MIGUEL, 11"-n-"provincia":"Huesca"
"naturaleza":"Centro público","provincia":"Huesca","nombre_centro":"FRANCISCO GALIAY SARAÑANA","direccion_centro":"Cl. Barrio Nuevo, S/N"-n-"provincia":"Huesca"
"naturaleza":"Centro público","provincia":"Huesca","nombre_centro":"GUARDERIA INFANTIL DE LASPUÑA","direccion_centro":"C/CANTONADA, S/N"-n-"provincia":"Huesca"
"naturaleza":"Centro público","provincia":"Huesca","nombre_centro":"JOAQUÍN COSTA","direccion_centro":"Avda. Goya, 2"-n-"provincia":"Huesca"
"naturaleza":"Centro público","provincia":"Huesca","nombre_centro":"JOAQUÍN COSTA","direccion_centro":"Cl. Angel Samblancat, 10"-n-"provincia":"Huesca"
"naturaleza":"Centro público","provincia":"Huesca","nombre_centro":"JOSÉ MANUEL BLECUA","direccion_centro":"Avda. Autonomía De Aragón, S/N"-n-"provincia":"Huesca"
"naturaleza":"Centro público","provincia":"Huesca","nombre_centro":"JUAN XXIII","direccion_centro":"Cl. Fraga, 1"-n-"provincia":"Huesca"
"naturaleza":"Centro público","provincia":"Huesca","nombre_centro":"KATIA ACÍN","direccion_centro":"C/ Olriols, s/n"-n-"provincia":"Huesca"
"naturaleza":"Centro público","provincia":"Huesca","nombre_centro":"LA CANALLA","direccion_centro":"NUEVO VIAL DE LA U.A. 3"-n-"provincia":"Huesca"
"naturaleza":"Centro público","provincia":"Huesca","nombre_centro":"LA CANTERA","direccion_centro":"CL. LA ALEGRÍA, 6"-n-"provincia":"Huesca"
"naturaleza":"Centro público","provincia":"Huesca","nombre_centro":"LA CASITA BLANCA","direccion_centro":"PZA. DEL PILAR, 1"-n-"provincia":"Huesca"
"naturaleza":"Centro público","provincia":"Huesca","nombre_centro":"LA COMETA","direccion_centro":"Pza. Escuelas, 9"-n-"provincia":"Huesca"
"naturaleza":"Centro público","provincia":"Huesca","nombre_centro":"LA FONTANETA","direccion_centro":"CL. PROGRESO, 4"-n-"provincia":"Huesca"
"naturaleza":"Centro público","provincia":"Huesca","nombre_centro":"LA FUEVA","direccion_centro":"Cl. La Fuente, S/N"-n-"provincia":"Huesca"
"naturaleza":"Centro público","provincia":"Huesca","nombre_centro":"LA LAGUNA","direccion_centro":"PZA. MAYORAL ANTONIO SUSÍN, 3-4"-n-"provincia":"Huesca"
"naturaleza":"Centro público","provincia":"Huesca","nombre_centro":"LA MAINADA","direccion_centro":"AVDA. LUCHÓN, S/N"-n-"provincia":"Huesca"
"naturaleza":"Centro público","provincia":"Huesca","nombre_centro":"LA MAINADA","direccion_centro":"CL. Constitución, 2"-n-"provincia":"Huesca"
"naturaleza":"Centro público","provincia":"Huesca","nombre_centro":"LA MERCED","direccion_centro":"Cl. Beato Florentino Asensio, S/N"-n-"provincia":"Huesca"
"naturaleza":"Centro público","provincia":"Huesca","nombre_centro":"LAS PAJARITAS","direccion_centro":"CL. FUENTE DEL IBÓN, Nº 7"-n-"provincia":"Huesca"
"naturaleza":"Centro público","provincia":"Huesca","nombre_centro":"LITERA","direccion_centro":"Ctra. Nacional, Km.442"-n-"provincia":"Huesca"
"naturaleza":"Centro público","provincia":"Huesca","nombre_centro":"LO NIU","direccion_centro":"Cl. Lorenzo Barea, 4"-n-"provincia":"Huesca"
"naturaleza":"Centro público","provincia":"Huesca","nombre_centro":"LOS ARAÑONES","direccion_centro":"Pza. De Las Escuelas S/N"-n-"provincia":"Huesca"
"naturaleza":"Centro público","provincia":"Huesca","nombre_centro":"LUPITA","direccion_centro":"CL. Mediodia s/n"-n-"provincia":"Huesca"
"naturaleza":"Centro público","provincia":"Huesca","nombre_centro":"MARÍA MOLINER","direccion_centro":"C/ Valle de Pineta s/n"-n-"provincia":"Huesca"
"naturaleza":"Centro público","provincia":"Huesca","nombre_centro":"MIGUEL SERVET","direccion_centro":"Cl. El Salvador, 5"-n-"provincia":"Huesca"
"naturaleza":"Centro público","provincia":"Huesca","nombre_centro":"MIGUEL SERVET","direccion_centro":"Cl. Única, S/N"-n-"provincia":"Huesca"
"naturaleza":"Centro público","provincia":"Huesca","nombre_centro":"MIGUEL SERVET","direccion_centro":"Pza. Valencia, S/N"-n-"provincia":"Huesca"
"naturaleza":"Centro público","provincia":"Huesca","nombre_centro":"MONTANUY","direccion_centro":"Ctra. Nacional 260, Km 354,5"-n-"provincia":"Huesca"
"naturaleza":"Centro público","provincia":"Huesca","nombre_centro":"MONTE OROEL","direccion_centro":"AVDA. JUAN XXIII, 48"-n-"provincia":"Huesca"
"naturaleza":"Centro público","provincia":"Huesca","nombre_centro":"MONTECORONA","direccion_centro":"Cl. Ciudad De Billère, 18"-n-"provincia":"Huesca"
"naturaleza":"Centro público","provincia":"Huesca","nombre_centro":"MONZÓN III","direccion_centro":"Avda. Del Pueyo, S/N"-n-"provincia":"Huesca"
"naturaleza":"Centro público","provincia":"Huesca","nombre_centro":"NININS","direccion_centro":"CL. GAITEROS DE CASERRAS, 2"-n-"provincia":"Huesca"
"naturaleza":"Centro público","provincia":"Huesca","nombre_centro":"NINONES","direccion_centro":"CL. SAMPER, 1"-n-"provincia":"Huesca"
"naturaleza":"Centro público","provincia":"Huesca","nombre_centro":"PEDRO I","direccion_centro":"CL. Luis Buñuel, 7"-n-"provincia":"Huesca"
"naturaleza":"Centro público","provincia":"Huesca","nombre_centro":"PEDRO J. RUBIO","direccion_centro":"Cl. Los Olivos, 2"-n-"provincia":"Huesca"
"naturaleza":"Centro público","provincia":"Huesca","nombre_centro":"PÍO XII","direccion_centro":"Cl. PÍO XII, 1"-n-"provincia":"Huesca"
"naturaleza":"Centro público","provincia":"Huesca","nombre_centro":"PIRINEOS-PYRÉNÉES","direccion_centro":"CL. CORONA DE ARAGÓN, 2"-n-"provincia":"Huesca"
"naturaleza":"Centro público","provincia":"Huesca","nombre_centro":"PUENTE SARDAS","direccion_centro":"Cl. Derechos Humanos, 3"-n-"provincia":"Huesca"
"naturaleza":"Centro público","provincia":"Huesca","nombre_centro":"RAMÓN J. SENDER","direccion_centro":"Cl. Extramuros, S/N"-n-"provincia":"Huesca"
"naturaleza":"Centro público","provincia":"Huesca","nombre_centro":"SAN GINÉS","direccion_centro":"Cl. Única, S/N"-n-"provincia":"Huesca"
"naturaleza":"Centro público","provincia":"Huesca","nombre_centro":"SAN GREGORIO","direccion_centro":"Cl. San Gregorio, 55"-n-"provincia":"Huesca"
"naturaleza":"Centro público","provincia":"Huesca","nombre_centro":"SAN JOSÉ DE CALASANZ","direccion_centro":"Avda. Deportes, 4"-n-"provincia":"Huesca"
"naturaleza":"Centro público","provincia":"Huesca","nombre_centro":"SAN JUAN BAUTISTA","direccion_centro":"Avda. San Antonio Abad, 37"-n-"provincia":"Huesca"
"naturaleza":"Centro público","provincia":"Huesca","nombre_centro":"SAN JUAN DE LA PEÑA","direccion_centro":"Cl. San José De Calasanz, 3"-n-"provincia":"Huesca"
"naturaleza":"Centro público","provincia":"Huesca","nombre_centro":"SAN MIGUEL","direccion_centro":"Cl. La Colomina, S/N"-n-"provincia":"Huesca"
"naturaleza":"Centro público","provincia":"Huesca","nombre_centro":"SAN VICENTE","direccion_centro":"Pza. De San Vicente, 1"-n-"provincia":"Huesca"
"naturaleza":"Centro público","provincia":"Huesca","nombre_centro":"SANCHO RAMÍREZ","direccion_centro":"Cl. Torre Mendoza, 1"-n-"provincia":"Huesca"
"naturaleza":"Centro público","provincia":"Huesca","nombre_centro":"SANTA CATALINA","direccion_centro":"AVDA. DE LA CONSTITUCIÓN, S/N"-n-"provincia":"Huesca"
"naturaleza":"Centro público","provincia":"Huesca","nombre_centro":"SANTA MARGARITA","direccion_centro":"CARRETERA DE FRAGA S/N"-n-"provincia":"Huesca"
"naturaleza":"Centro público","provincia":"Huesca","nombre_centro":"SANTIAGO APÓSTOL","direccion_centro":"CL. ESCUELAS, S/N"-n-"provincia":"Huesca"
"naturaleza":"Centro público","provincia":"Huesca","nombre_centro":"SANTOS SAMPER SARASA","direccion_centro":"Cl. Las Ciencias, S/N"-n-"provincia":"Huesca"
"naturaleza":"Centro público","provincia":"Huesca","nombre_centro":"TREVIÑER","direccion_centro":"AVDA. Santiago Foncillas, 9"-n-"provincia":"Huesca"
"naturaleza":"Centro público","provincia":"Huesca","nombre_centro":"TRIAMOLETA","direccion_centro":"CL. CAMPOS DE LA IGLESIA, S/N"-n-"provincia":"Huesca"
"naturaleza":"Centro público","provincia":"Huesca","nombre_centro":"VALLE DE BIELSA","direccion_centro":"CL. CALVARIO, S/N"-n-"provincia":"Huesca"
"naturaleza":"Centro público","provincia":"Huesca","nombre_centro":"VALLE DEL GUARGA","direccion_centro":"Cl. San Francisco de Asís, S/N"-n-"provincia":"Huesca"
"naturaleza":"Centro público","provincia":"Huesca","nombre_centro":"VÍCTOR MENDOZA MENDOZA","direccion_centro":"CL. ALMACELLAS, 31"-n-"provincia":"Huesca"
"naturaleza":"Centro público","provincia":"Huesca","nombre_centro":"VILLANUEVA DE SIJENA","direccion_centro":"CL. EL SALVADOR, 9"-n-"provincia":"Huesca"
"naturaleza":"Centro público","provincia":"Huesca","nombre_centro":"VIRGEN DE LA SOLEDAD","direccion_centro":"Cl. Carretera, 6"-n-"provincia":"Huesca"
"naturaleza":"Centro público","provincia":"Huesca","nombre_centro":"VIRGEN DE LOS RÍOS","direccion_centro":"CL. LA IGLESIA, S/N"-n-"provincia":"Huesca"
"naturaleza":"Centro público","provincia":"Huesca","nombre_centro":"VIRGEN DEL ROSARIO","direccion_centro":"CL. Escuelas, 22"-n-"provincia":"Huesca"
"naturaleza":"Centro público","provincia":"Huesca","nombre_centro":"XIQUETS","direccion_centro":"INTERSECCIÓN C/ CABAÑERA REAL Y C/ JAIME I"-n-"provincia":"Huesca"
"naturaleza":"Centro público","provincia":"Teruel","nombre_centro":"ANTONIO GARGALLO MOYA","direccion_centro":"Avda. De La Constitución, 3"-n-"provincia":"Teruel"
"naturaleza":"Centro público","provincia":"Teruel","nombre_centro":"ASTRÓNOMO ZARZOSO","direccion_centro":"Cl. Matadero, S/N"-n-"provincia":"Teruel"
"naturaleza":"Centro público","provincia":"Teruel","nombre_centro":"COMARCA CUENCAS MINERAS","direccion_centro":"Cl. Balmes, 7"-n-"provincia":"Teruel"
"naturaleza":"Centro público","provincia":"Teruel","nombre_centro":"DE AGUAVIVA","direccion_centro":"AVDA. PARRAS DE CASTELLOTE, 18"-n-"provincia":"Teruel"
"naturaleza":"Centro público","provincia":"Teruel","nombre_centro":"DE ALBALATE DEL ARZOBISPO","direccion_centro":"CL. EL PALOMAR, S/N"-n-"provincia":"Teruel"
"naturaleza":"Centro público","provincia":"Teruel","nombre_centro":"DE ALBARRACÍN","direccion_centro":"CAMI. DE GEA, S/N"-n-"provincia":"Teruel"
"naturaleza":"Centro público","provincia":"Teruel","nombre_centro":"DE ALCORISA","direccion_centro":"CL. FUENTE NUEVA, 15"-n-"provincia":"Teruel"
"naturaleza":"Centro público","provincia":"Teruel","nombre_centro":"DE ALLOZA","direccion_centro":"C/ Carretera, s/n"-n-"provincia":"Teruel"
"naturaleza":"Centro público","provincia":"Teruel","nombre_centro":"DE BRONCHALES","direccion_centro":"CL. CARRETERA, 17-B"-n-"provincia":"Teruel"
"naturaleza":"Centro público","provincia":"Teruel","nombre_centro":"DE CALACEITE","direccion_centro":"AVDA. ARAGÓN, 2-4"-n-"provincia":"Teruel"
"naturaleza":"Centro público","provincia":"Teruel","nombre_centro":"DE CALANDA","direccion_centro":"CL. CAPUCHINOS, 2"-n-"provincia":"Teruel"
"naturaleza":"Centro público","provincia":"Teruel","nombre_centro":"DE CANTAVIEJA","direccion_centro":"AVDA. MAESTRAZGO, 3"-n-"provincia":"Teruel"
"naturaleza":"Centro público","provincia":"Teruel","nombre_centro":"DE LA MATA DE LOS OLMOS","direccion_centro":"CL. BAJA, 52"-n-"provincia":"Teruel"
"naturaleza":"Centro público","provincia":"Teruel","nombre_centro":"DE LA PUEBLA DE HÍJAR","direccion_centro":"AVDA. ESTACIÓN, 2"-n-"provincia":"Teruel"
"naturaleza":"Centro público","provincia":"Teruel","nombre_centro":"DE MAS DE LAS MATAS","direccion_centro":"CL. Las Escuelas, S/N"-n-"provincia":"Teruel"
"naturaleza":"Centro público","provincia":"Teruel","nombre_centro":"DE MONTALBÁN","direccion_centro":"CL. BALMES, Nº 7"-n-"provincia":"Teruel"
"naturaleza":"Centro público","provincia":"Teruel","nombre_centro":"DE OJOS NEGROS","direccion_centro":"TRAVESÍA DE LA PLAZA, 11"-n-"provincia":"Teruel"
"naturaleza":"Centro público","provincia":"Teruel","nombre_centro":"DE RUBIELOS DE MORA","direccion_centro":"CL. ESTERRADOR, 1"-n-"provincia":"Teruel"
"naturaleza":"Centro público","provincia":"Teruel","nombre_centro":"DE SANTA EULALIA","direccion_centro":"CL. ESPAÑA, S/N"-n-"provincia":"Teruel"
"naturaleza":"Centro público","provincia":"Teruel","nombre_centro":"DE SARRIÓN","direccion_centro":"C/ Tenor Juan García, 2"-n-"provincia":"Teruel"
"naturaleza":"Centro público","provincia":"Teruel","nombre_centro":"DE SARRIÓN","direccion_centro":"Cl. Tenor Juan García, 2"-n-"provincia":"Teruel"
"naturaleza":"Centro público","provincia":"Teruel","nombre_centro":"DE TERUEL (BARRIO ARRABAL)","direccion_centro":"PZA. PIRINEOS, S/N"-n-"provincia":"Teruel"
"naturaleza":"Centro público","provincia":"Teruel","nombre_centro":"DE TERUEL (SAN BLAS)","direccion_centro":"CL. LA IGLESIA, S/N"-n-"provincia":"Teruel"
"naturaleza":"Centro público","provincia":"Teruel","nombre_centro":"DE TERUEL (VILLAESPESA)","direccion_centro":"El Paso 1"-n-"provincia":"Teruel"
"naturaleza":"Centro público","provincia":"Teruel","nombre_centro":"DE TORRECILLA DE ALCAÑIZ","direccion_centro":"CL. CARRETERA Nº 4"-n-"provincia":"Teruel"
"naturaleza":"Centro público","provincia":"Teruel","nombre_centro":"DE UTRILLAS","direccion_centro":"CL. CONSTITUCIÓN, S/N"-n-"provincia":"Teruel"
"naturaleza":"Centro público","provincia":"Teruel","nombre_centro":"DE VALDERROBRES","direccion_centro":"CL. LOPE DE VEGA, 56"-n-"provincia":"Teruel"
"naturaleza":"Centro público","provincia":"Teruel","nombre_centro":"DE VILLARQUEMADO","direccion_centro":"CL. LARGA, 55-A"-n-"provincia":"Teruel"
"naturaleza":"Centro público","provincia":"Teruel","nombre_centro":"EL CASTILLO","direccion_centro":"PLAZA DEL CASTILLO, Nº 6"-n-"provincia":"Teruel"
"naturaleza":"Centro público","provincia":"Teruel","nombre_centro":"EL JUSTICIA DE ARAGÓN","direccion_centro":"Cl. San Pascual 22"-n-"provincia":"Teruel"
"naturaleza":"Centro público","provincia":"Teruel","nombre_centro":"EL PARQUE","direccion_centro":"CL. Basiliso Muñoz, S/N"-n-"provincia":"Teruel"
"naturaleza":"Centro público","provincia":"Teruel","nombre_centro":"EMILIO DÍAZ","direccion_centro":"Cl. Ronda De Caspe, 1"-n-"provincia":"Teruel"
"naturaleza":"Centro público","provincia":"Teruel","nombre_centro":"ENSANCHE","direccion_centro":"Cl. José Torán, 5"-n-"provincia":"Teruel"
"naturaleza":"Centro público","provincia":"Teruel","nombre_centro":"JUAN LORENZO PALMIRENO","direccion_centro":"Avda. Aragón, 28"-n-"provincia":"Teruel"
"naturaleza":"Centro público","provincia":"Teruel","nombre_centro":"JUAN RAMÓN ALEGRE","direccion_centro":"Cl. San Isidro Labrador, 2"-n-"provincia":"Teruel"
"naturaleza":"Centro público","provincia":"Teruel","nombre_centro":"JUAN SOBRARIAS","direccion_centro":"CL. Morella s/n"-n-"provincia":"Teruel"
"naturaleza":"Centro público","provincia":"Teruel","nombre_centro":"LA CODOÑERA","direccion_centro":"AVDA. Isidoro Celma nº 6"-n-"provincia":"Teruel"
"naturaleza":"Centro público","provincia":"Teruel","nombre_centro":"LA FUENFRESCA","direccion_centro":"Cl. Los Tilos, 1"-n-"provincia":"Teruel"
"naturaleza":"Centro público","provincia":"Teruel","nombre_centro":"LA MALENA","direccion_centro":"Cl. Subida A La Virgen, S/N"-n-"provincia":"Teruel"
"naturaleza":"Centro público","provincia":"Teruel","nombre_centro":"LA REPLACETA","direccion_centro":"PZA. DE LA IGLESIA, S/N"-n-"provincia":"Teruel"
"naturaleza":"Centro público","provincia":"Teruel","nombre_centro":"LA SELVETA","direccion_centro":"CL. CONCEPCIÓN GIMENO GIL, Nº 7, PLANTA BAJA"-n-"provincia":"Teruel"
"naturaleza":"Centro público","provincia":"Teruel","nombre_centro":"LAS ANEJAS","direccion_centro":"Atarazanas 10"-n-"provincia":"Teruel"
"naturaleza":"Centro público","provincia":"Teruel","nombre_centro":"LOS MONCHONES","direccion_centro":"CL. DIEGO RAMELLORE, 20"-n-"provincia":"Teruel"
"naturaleza":"Centro público","provincia":"Teruel","nombre_centro":"LUIS TURÓN","direccion_centro":"Cl. Extramuros, S/N"-n-"provincia":"Teruel"
"naturaleza":"Centro público","provincia":"Teruel","nombre_centro":"MANUEL FRANCO ROYO","direccion_centro":"Avda. Escatrón, 1"-n-"provincia":"Teruel"
"naturaleza":"Centro público","provincia":"Teruel","nombre_centro":"MEZQUITA DE JARQUE","direccion_centro":"C/Palomar, 11"-n-"provincia":"Teruel"
"naturaleza":"Centro público","provincia":"Teruel","nombre_centro":"MIGUEL VALLÉS","direccion_centro":"Rambla De San Julián, 57"-n-"provincia":"Teruel"
"naturaleza":"Centro público","provincia":"Teruel","nombre_centro":"NTRA. SRA. DEL PILAR","direccion_centro":"Cl. Alfonso I El Batallador, 1"-n-"provincia":"Teruel"
"naturaleza":"Centro público","provincia":"Teruel","nombre_centro":"PEQUEÑALBA","direccion_centro":"CL. Camino Real S/N"-n-"provincia":"Teruel"
"naturaleza":"Centro público","provincia":"Teruel","nombre_centro":"PIERRES VEDEL","direccion_centro":"Cl. Yagüe De Salas, 21"-n-"provincia":"Teruel"
"naturaleza":"Centro público","provincia":"Teruel","nombre_centro":"PRIMEROS PASOS","direccion_centro":"AVDA. CONSTITUCIÓN, 13"-n-"provincia":"Teruel"
"naturaleza":"Centro público","provincia":"Teruel","nombre_centro":"RICARDA GONZALO DE LIRIA","direccion_centro":"CL. MARÍA MOLINER Nº 1"-n-"provincia":"Teruel"
"naturaleza":"Centro público","provincia":"Teruel","nombre_centro":"RICARDO MALLÉN","direccion_centro":"Avda. De La Constitución, 1"-n-"provincia":"Teruel"
"naturaleza":"Centro público","provincia":"Teruel","nombre_centro":"ROMÁN GARCÍA","direccion_centro":"Cl. Ronda Gárate S/N"-n-"provincia":"Teruel"
"naturaleza":"Centro público","provincia":"Teruel","nombre_centro":"SAGALETS (AULA DE BECEITE)","direccion_centro":"CL. La Pesquera, 3"-n-"provincia":"Teruel"
"naturaleza":"Centro público","provincia":"Teruel","nombre_centro":"SAGALETS (AULA DE CRETAS)","direccion_centro":"CL. Ermita, 7"-n-"provincia":"Teruel"
"naturaleza":"Centro público","provincia":"Teruel","nombre_centro":"SAGALETS (AULA DE FUENTESPALDA)","direccion_centro":"CL. Virgen del Pilar, 38"-n-"provincia":"Teruel"
"naturaleza":"Centro público","provincia":"Teruel","nombre_centro":"SAGALETS (AULA DE MAZALEÓN)","direccion_centro":"CL. REHUERTA, 2"-n-"provincia":"Teruel"
"naturaleza":"Centro público","provincia":"Teruel","nombre_centro":"SAGALETS (AULA DE MONROYO)","direccion_centro":"CL.MURO, 5"-n-"provincia":"Teruel"
"naturaleza":"Centro público","provincia":"Teruel","nombre_centro":"SAGALETS (AULA DE PORTELLADA)","direccion_centro":"Cl. Las Escuelas, número 6"-n-"provincia":"Teruel"
"naturaleza":"Centro público","provincia":"Teruel","nombre_centro":"SAGALETS (AULA DE VALDELTORMO)","direccion_centro":"CL MAYOR, 33"-n-"provincia":"Teruel"
"naturaleza":"Centro público","provincia":"Teruel","nombre_centro":"SAGALETS (AULA DE VALJUNQUERA)","direccion_centro":"CL. FERRANDO, 3"-n-"provincia":"Teruel"
"naturaleza":"Centro público","provincia":"Teruel","nombre_centro":"SAN MIGUEL","direccion_centro":"Avda. Ibáñez Martín, 13"-n-"provincia":"Teruel"
"naturaleza":"Centro público","provincia":"Teruel","nombre_centro":"SANTA BÁRBARA","direccion_centro":"CL. LA PARADA, S/N"-n-"provincia":"Teruel"
"naturaleza":"Centro público","provincia":"Teruel","nombre_centro":"SANTA ENGRACIA","direccion_centro":"CL. SANTA ENGRACIA, 5"-n-"provincia":"Teruel"
"naturaleza":"Centro público","provincia":"Teruel","nombre_centro":"SARGANTESA","direccion_centro":"CL. Aguaperdida, S/N"-n-"provincia":"Teruel"
"naturaleza":"Centro público","provincia":"Teruel","nombre_centro":"SEÑORA PABLA","direccion_centro":"AVDA. DE ÁNGEL GARGALLO, 16"-n-"provincia":"Teruel"
"naturaleza":"Centro público","provincia":"Teruel","nombre_centro":"VALERO SERRANO","direccion_centro":"Cl. Escuelas, 9"-n-"provincia":"Teruel"
"naturaleza":"Centro público","provincia":"Teruel","nombre_centro":"VICENTE FERRER RAMOS","direccion_centro":"Avda. Madrid, 2"-n-"provincia":"Teruel"
"naturaleza":"Centro público","provincia":"Teruel","nombre_centro":"VILLA DE UTRILLAS","direccion_centro":"Cl. Pablo Gargallo, S/N"-n-"provincia":"Teruel"
"naturaleza":"Centro público","provincia":"Teruel","nombre_centro":"VIRGEN DEL PILAR","direccion_centro":"Avda. De Teruel S/N"-n-"provincia":"Teruel"
"naturaleza":"Centro público","provincia":"Zaragoza","nombre_centro":"ALFONSO I EL BATALLADOR","direccion_centro":"AVDA. OBISPO JOSÉ MARÍA CONGET, S/N"-n-"provincia":"Zaragoza"
"naturaleza":"Centro público","provincia":"Zaragoza","nombre_centro":"ALFREDO MUIÑOS","direccion_centro":"Cl. Escuelas Nuevas, S/N"-n-"provincia":"Zaragoza"
"naturaleza":"Centro público","provincia":"Zaragoza","nombre_centro":"ANA MAYAYO","direccion_centro":"CL. Alfonso Carlos Comín Ros, 2"-n-"provincia":"Zaragoza"
"naturaleza":"Centro público","provincia":"Zaragoza","nombre_centro":"ANDRÉS MANJÓN","direccion_centro":"Cl. Delicias, 90"-n-"provincia":"Zaragoza"
"naturaleza":"Centro público","provincia":"Zaragoza","nombre_centro":"ANDRÉS OLIVÁN","direccion_centro":"Cl. Alejandro Palomar, 21"-n-"provincia":"Zaragoza"
"naturaleza":"Centro público","provincia":"Zaragoza","nombre_centro":"ÁNGEL ESCORIAZA","direccion_centro":"Cl. Juan De Las Viñas, 8"-n-"provincia":"Zaragoza"
"naturaleza":"Centro público","provincia":"Zaragoza","nombre_centro":"ARAGÓN","direccion_centro":"Avda. De La Jarea, S/N"-n-"provincia":"Zaragoza"
"naturaleza":"Centro público","provincia":"Zaragoza","nombre_centro":"ARCO IRIS","direccion_centro":"Camino Platera, 2"-n-"provincia":"Zaragoza"
"naturaleza":"Centro público","provincia":"Zaragoza","nombre_centro":"ARCO-IRIS","direccion_centro":"AVDA. ZARAGOZA, 2"-n-"provincia":"Zaragoza"
"naturaleza":"Centro público","provincia":"Zaragoza","nombre_centro":"ARCO-IRIS","direccion_centro":"CL. LA VÍA, S/N"-n-"provincia":"Zaragoza"
"naturaleza":"Centro público","provincia":"Zaragoza","nombre_centro":"ARZOBISPO DOMÉNECH","direccion_centro":"Cl. San Nicolás De Tolentino, 2"-n-"provincia":"Zaragoza"
"naturaleza":"Centro público","provincia":"Zaragoza","nombre_centro":"AUGUSTA BÍLBILIS","direccion_centro":"Cl. Aragón, S/N"-n-"provincia":"Zaragoza"
"naturaleza":"Centro público","provincia":"Zaragoza","nombre_centro":"BALTASAR GONZÁLEZ","direccion_centro":"CL. PROLONGACIÓN LA FLORIDA"-n-"provincia":"Zaragoza"
"naturaleza":"Centro público","provincia":"Zaragoza","nombre_centro":"BALTASAR GRACIÁN","direccion_centro":"Ctra. De Valencia, S/N"-n-"provincia":"Zaragoza"
"naturaleza":"Centro público","provincia":"Zaragoza","nombre_centro":"BASILIO PARAÍSO","direccion_centro":"Cl. Supervía, 29"-n-"provincia":"Zaragoza"
"naturaleza":"Centro público","provincia":"Zaragoza","nombre_centro":"BELIA","direccion_centro":"CL. EL FERIAL, 6"-n-"provincia":"Zaragoza"
"naturaleza":"Centro público","provincia":"Zaragoza","nombre_centro":"BENEDICTO XIII","direccion_centro":"Avda. San Babil, S/N"-n-"provincia":"Zaragoza"
"naturaleza":"Centro público","provincia":"Zaragoza","nombre_centro":"BLANCANIEVES","direccion_centro":"AVDA. DOCTOR GARCÍA SANCHO, 7"-n-"provincia":"Zaragoza"
"naturaleza":"Centro público","provincia":"Zaragoza","nombre_centro":"BRIANDA DE LUNA","direccion_centro":"Cl. La Portaza, 50"-n-"provincia":"Zaragoza"
"naturaleza":"Centro público","provincia":"Zaragoza","nombre_centro":"BRIOLETAS","direccion_centro":"CL. LA IGLESIA, Nº 32"-n-"provincia":"Zaragoza"
"naturaleza":"Centro público","provincia":"Zaragoza","nombre_centro":"CALATORINES","direccion_centro":"Paseo Bruno Solano, 15"-n-"provincia":"Zaragoza"
"naturaleza":"Centro público","provincia":"Zaragoza","nombre_centro":"CALIXTO ARIÑO-HILARIO VAL","direccion_centro":"CL. JOSÉ GALIAY, 2"-n-"provincia":"Zaragoza"
"naturaleza":"Centro público","provincia":"Zaragoza","nombre_centro":"CAMPO DE BORJA","direccion_centro":"Cl. Ramón Y Cajal, 2"-n-"provincia":"Zaragoza"
"naturaleza":"Centro público","provincia":"Zaragoza","nombre_centro":"CÁNDIDO DOMINGO","direccion_centro":"Cl. Sobrarbe, 8"-n-"provincia":"Zaragoza"
"naturaleza":"Centro público","provincia":"Zaragoza","nombre_centro":"CANTACUCOS","direccion_centro":"AVDA. NAVARRA, 16"-n-"provincia":"Zaragoza"
"naturaleza":"Centro público","provincia":"Zaragoza","nombre_centro":"CERVANTES","direccion_centro":"Cl. María Moliner, s/n"-n-"provincia":"Zaragoza"
"naturaleza":"Centro público","provincia":"Zaragoza","nombre_centro":"CERVANTES","direccion_centro":"Paseo de la Constitución 38"-n-"provincia":"Zaragoza"
"naturaleza":"Centro público","provincia":"Zaragoza","nombre_centro":"CÉSAR AUGUSTO","direccion_centro":"Cl. Pedro III El Grande, 5"-n-"provincia":"Zaragoza"
"naturaleza":"Centro público","provincia":"Zaragoza","nombre_centro":"CESÁREO ALIERTA","direccion_centro":"Cl. Pedro III El Grande, 4"-n-"provincia":"Zaragoza"
"naturaleza":"Centro público","provincia":"Zaragoza","nombre_centro":"CHIRIBILLAS","direccion_centro":"CL. ALFONSO TIMONEDA, 4"-n-"provincia":"Zaragoza"
"naturaleza":"Centro público","provincia":"Zaragoza","nombre_centro":"COLORADO COLORÍN","direccion_centro":"CL. PILAR, 12"-n-"provincia":"Zaragoza"
"naturaleza":"Centro público","provincia":"Zaragoza","nombre_centro":"COMPROMISO DE CASPE","direccion_centro":"Pza. Compromiso, 12"-n-"provincia":"Zaragoza"
"naturaleza":"Centro público","provincia":"Zaragoza","nombre_centro":"DANIEL FEDERIO","direccion_centro":"Avda. Escuelas, 1-3"-n-"provincia":"Zaragoza"
"naturaleza":"Centro público","provincia":"Zaragoza","nombre_centro":"DE ALAGÓN","direccion_centro":"Avda. de la Portalada, 24"-n-"provincia":"Zaragoza"
"naturaleza":"Centro público","provincia":"Zaragoza","nombre_centro":"DE ALPARTIR","direccion_centro":"P.º RAMÓN Y CAJAL, S/N"-n-"provincia":"Zaragoza"
"naturaleza":"Centro público","provincia":"Zaragoza","nombre_centro":"DE BIOTA","direccion_centro":"Cl. De La Fuente, S/N"-n-"provincia":"Zaragoza"
"naturaleza":"Centro público","provincia":"Zaragoza","nombre_centro":"DE BOQUIÑENI","direccion_centro":"CL. TENOR FLETA, S/N"-n-"provincia":"Zaragoza"
"naturaleza":"Centro público","provincia":"Zaragoza","nombre_centro":"DE BREA DE ARAGÓN","direccion_centro":"CL. CAYO VELA, S/N"-n-"provincia":"Zaragoza"
"naturaleza":"Centro público","provincia":"Zaragoza","nombre_centro":"DE BUJARALOZ","direccion_centro":"CL. SANTA MARÍA, 27"-n-"provincia":"Zaragoza"
"naturaleza":"Centro público","provincia":"Zaragoza","nombre_centro":"DE CASPE","direccion_centro":"AVDA. RÍO EBRO, S/N"-n-"provincia":"Zaragoza"
"naturaleza":"Centro público","provincia":"Zaragoza","nombre_centro":"DE COSUENDA","direccion_centro":"CL. ESCUELAS, S/N"-n-"provincia":"Zaragoza"
"naturaleza":"Centro público","provincia":"Zaragoza","nombre_centro":"DE EJEA DE LOS CABALLEROS (PINSORO)","direccion_centro":"CL. Acuerdo, S/N"-n-"provincia":"Zaragoza"
"naturaleza":"Centro público","provincia":"Zaragoza","nombre_centro":"DE EJEA DE LOS CABALLEROS (SANTA ANASTASIA)","direccion_centro":"CL. Nueva, S/N"-n-"provincia":"Zaragoza"
"naturaleza":"Centro público","provincia":"Zaragoza","nombre_centro":"DE ESCATRÓN","direccion_centro":"CL. ESCUELAS, 2"-n-"provincia":"Zaragoza"
"naturaleza":"Centro público","provincia":"Zaragoza","nombre_centro":"DE FUENDEJALÓN","direccion_centro":"CL. AFUERAS, S/N"-n-"provincia":"Zaragoza"
"naturaleza":"Centro público","provincia":"Zaragoza","nombre_centro":"DE FUENTES DE EBRO","direccion_centro":"CL. CORTES DE CADIZ Nº 6"-n-"provincia":"Zaragoza"
"naturaleza":"Centro público","provincia":"Zaragoza","nombre_centro":"DE ILLUECA","direccion_centro":"CL. SAN JUAN BAUTISTA, S/N"-n-"provincia":"Zaragoza"
"naturaleza":"Centro público","provincia":"Zaragoza","nombre_centro":"DE LA ALMOLDA","direccion_centro":"PASEO FUEROS DE ARAGÓN, 2"-n-"provincia":"Zaragoza"
"naturaleza":"Centro público","provincia":"Zaragoza","nombre_centro":"DE LA ALMUNIA DE DOÑA GODINA","direccion_centro":"CL. GOYA, 2-4"-n-"provincia":"Zaragoza"
"naturaleza":"Centro público","provincia":"Zaragoza","nombre_centro":"DE LA DELEGACIÓN ESPECIAL DE ECONOMÍA Y HACIENDA DE ARAGÓN","direccion_centro":"CL. José Luis Albareda, 18"-n-"provincia":"Zaragoza"
"naturaleza":"Centro público","provincia":"Zaragoza","nombre_centro":"DE LECIÑENA","direccion_centro":"AVDA. ZARAGOZA, 84"-n-"provincia":"Zaragoza"
"naturaleza":"Centro público","provincia":"Zaragoza","nombre_centro":"DE LONGARES","direccion_centro":"RONDA DE LA VILLA, A-IA"-n-"provincia":"Zaragoza"
"naturaleza":"Centro público","provincia":"Zaragoza","nombre_centro":"DE LUCENI","direccion_centro":"CL. RAMÓN Y CAJAL, ANGULAR CON AVDA. CONSTITUCIÓN"-n-"provincia":"Zaragoza"
"naturaleza":"Centro público","provincia":"Zaragoza","nombre_centro":"DE LUMPIAQUE","direccion_centro":"CL. Muntadas, 12"-n-"provincia":"Zaragoza"
"naturaleza":"Centro público","provincia":"Zaragoza","nombre_centro":"DE MAELLA","direccion_centro":"AVDA. RAMÓN Y CAJAL, S/N"-n-"provincia":"Zaragoza"
"naturaleza":"Centro público","provincia":"Zaragoza","nombre_centro":"DE MALLÉN","direccion_centro":"AVDA. DE LA LIBERTAD, S/N"-n-"provincia":"Zaragoza"
"naturaleza":"Centro público","provincia":"Zaragoza","nombre_centro":"DE MORATA DE JALÓN","direccion_centro":"CAMI. DEL BALDÍO, S/N"-n-"provincia":"Zaragoza"
"naturaleza":"Centro público","provincia":"Zaragoza","nombre_centro":"DE NOVILLAS","direccion_centro":"CL. PORTUGALETE, 17"-n-"provincia":"Zaragoza"
"naturaleza":"Centro público","provincia":"Zaragoza","nombre_centro":"DE ONTINAR DE SALZ","direccion_centro":"CL. Sol, 15 - C"-n-"provincia":"Zaragoza"
"naturaleza":"Centro público","provincia":"Zaragoza","nombre_centro":"DE PEDROLA","direccion_centro":"CL. LAS MONJAS, S/N"-n-"provincia":"Zaragoza"
"naturaleza":"Centro público","provincia":"Zaragoza","nombre_centro":"DE PERDIGUERA","direccion_centro":"CL. DEL PASO, 4"-n-"provincia":"Zaragoza"
"naturaleza":"Centro público","provincia":"Zaragoza","nombre_centro":"DE PINA DE EBRO","direccion_centro":"CL. Fernando el Católico nº 16"-n-"provincia":"Zaragoza"
"naturaleza":"Centro público","provincia":"Zaragoza","nombre_centro":"DE PINSEQUE","direccion_centro":"P.º DEL PALACIO, 8"-n-"provincia":"Zaragoza"
"naturaleza":"Centro público","provincia":"Zaragoza","nombre_centro":"DE QUINTO","direccion_centro":"P.º RONDA, 11"-n-"provincia":"Zaragoza"
"naturaleza":"Centro público","provincia":"Zaragoza","nombre_centro":"DE SABIÑÁN","direccion_centro":"Avda. San Roque, 22"-n-"provincia":"Zaragoza"
"naturaleza":"Centro público","provincia":"Zaragoza","nombre_centro":"DE SÁDABA","direccion_centro":"AVDA. PIRINEOS, S/N"-n-"provincia":"Zaragoza"
"naturaleza":"Centro público","provincia":"Zaragoza","nombre_centro":"DE SANTA ENGRACIA","direccion_centro":"CTRA. DE TAUSTE - SANTA ENGRACIA, S/N"-n-"provincia":"Zaragoza"
"naturaleza":"Centro público","provincia":"Zaragoza","nombre_centro":"DE TARAZONA","direccion_centro":"AVDA. DE LA ESTACIÓN, 8"-n-"provincia":"Zaragoza"
"naturaleza":"Centro público","provincia":"Zaragoza","nombre_centro":"DE TAUSTE","direccion_centro":"ADVA. OBISPO JOSÉ MARÍA CONGET, S/N"-n-"provincia":"Zaragoza"
"naturaleza":"Centro público","provincia":"Zaragoza","nombre_centro":"DE TORRES DE BERRELLÉN","direccion_centro":"CL. Tenor Fleta, 4"-n-"provincia":"Zaragoza"
"naturaleza":"Centro público","provincia":"Zaragoza","nombre_centro":"DE UNCASTILLO","direccion_centro":"CL. ERAS, S/N"-n-"provincia":"Zaragoza"
"naturaleza":"Centro público","provincia":"Zaragoza","nombre_centro":"DE UNDUÉS DE LERDA","direccion_centro":"CL. Prado, 1-3"-n-"provincia":"Zaragoza"
"naturaleza":"Centro público","provincia":"Zaragoza","nombre_centro":"DIPUTACIÓN PROVINCIAL","direccion_centro":"CL. CAYO VELA, 7"-n-"provincia":"Zaragoza"
"naturaleza":"Centro público","provincia":"Zaragoza","nombre_centro":"DOCTOR AZÚA","direccion_centro":"Cl. Pedro Iii El Grande, 4"-n-"provincia":"Zaragoza"
"naturaleza":"Centro público","provincia":"Zaragoza","nombre_centro":"DOMINGO JIMÉNEZ BELTRÁN","direccion_centro":"Paseo Bruno Solano, 2"-n-"provincia":"Zaragoza"
"naturaleza":"Centro público","provincia":"Zaragoza","nombre_centro":"DOMINGO MIRAL","direccion_centro":"CL. MESONES DE ISUELA, 7"-n-"provincia":"Zaragoza"
"naturaleza":"Centro público","provincia":"Zaragoza","nombre_centro":"EL ANDÉN","direccion_centro":"CL. SAN PEDRO ARBUÉS, 4"-n-"provincia":"Zaragoza"
"naturaleza":"Centro público","provincia":"Zaragoza","nombre_centro":"EL BOSQUE","direccion_centro":"Pº. ECHEGARAY Y CABALLERO, 5"-n-"provincia":"Zaragoza"
"naturaleza":"Centro público","provincia":"Zaragoza","nombre_centro":"EL CASTILLO","direccion_centro":"CL. DUQUE, 13"-n-"provincia":"Zaragoza"
"naturaleza":"Centro público","provincia":"Zaragoza","nombre_centro":"EL JARDINCILLO","direccion_centro":"CL. Arrabal, 37"-n-"provincia":"Zaragoza"
"naturaleza":"Centro público","provincia":"Zaragoza","nombre_centro":"EL TREN","direccion_centro":"CL. Reino nº 5"-n-"provincia":"Zaragoza"
"naturaleza":"Centro público","provincia":"Zaragoza","nombre_centro":"EMILIO MORENO CALVETE","direccion_centro":"Paseo Calanda, 13"-n-"provincia":"Zaragoza"
"naturaleza":"Centro público","provincia":"Zaragoza","nombre_centro":"EUGENIO LÓPEZ Y LÓPEZ","direccion_centro":"Cl. Cañon De Añisclo, 8"-n-"provincia":"Zaragoza"
"naturaleza":"Centro público","provincia":"Zaragoza","nombre_centro":"FERNÁNDEZ VIZARRA","direccion_centro":"Cl. Gaspar De Pex, 3"-n-"provincia":"Zaragoza"
"naturaleza":"Centro público","provincia":"Zaragoza","nombre_centro":"FERNANDO EL CATÓLICO","direccion_centro":"Camino de La Estación,15"-n-"provincia":"Zaragoza"
"naturaleza":"Centro público","provincia":"Zaragoza","nombre_centro":"FERNANDO EL CATÓLICO","direccion_centro":"Cl San Vicente Ferrer, 2"-n-"provincia":"Zaragoza"
"naturaleza":"Centro público","provincia":"Zaragoza","nombre_centro":"FERNANDO EL CATÓLICO","direccion_centro":"Cl. Don Quintín Debón, 1"-n-"provincia":"Zaragoza"
"naturaleza":"Centro público","provincia":"Zaragoza","nombre_centro":"FERRER Y RACAJ","direccion_centro":"Cl. Alegría, S/N"-n-"provincia":"Zaragoza"
"naturaleza":"Centro público","provincia":"Zaragoza","nombre_centro":"FLORENCIO JARDIEL","direccion_centro":"Cl. Francisco Gracia, 18"-n-"provincia":"Zaragoza"
"naturaleza":"Centro público","provincia":"Zaragoza","nombre_centro":"FRANCISCO DE GOYA","direccion_centro":"Cl. Santander-Mediterráneo, S/N"-n-"provincia":"Zaragoza"
"naturaleza":"Centro público","provincia":"Zaragoza","nombre_centro":"GARABATOS","direccion_centro":"CL. EL FERIAL, 6"-n-"provincia":"Zaragoza"
"naturaleza":"Centro público","provincia":"Zaragoza","nombre_centro":"GARNACHICA","direccion_centro":"PARAJE LALOZ"-n-"provincia":"Zaragoza"
"naturaleza":"Centro público","provincia":"Zaragoza","nombre_centro":"GASCÓN Y MARÍN","direccion_centro":"Pza. de los Sitios, 4"-n-"provincia":"Zaragoza"
"naturaleza":"Centro público","provincia":"Zaragoza","nombre_centro":"GASPAR REMIRO","direccion_centro":"Cl. Ronda Diputación, S/N"-n-"provincia":"Zaragoza"
"naturaleza":"Centro público","provincia":"Zaragoza","nombre_centro":"GLORIA FUERTES","direccion_centro":"CL. ERAS ALTAS, 34-50"-n-"provincia":"Zaragoza"
"naturaleza":"Centro público","provincia":"Zaragoza","nombre_centro":"GLORIA FUERTES-BARDENAS","direccion_centro":"CTRA. DE EL BAYO, S/N"-n-"provincia":"Zaragoza"
"naturaleza":"Centro público","provincia":"Zaragoza","nombre_centro":"GUARDERIA INFANTIL DE REMOLINOS","direccion_centro":"C/ Los Sitios, 6"-n-"provincia":"Zaragoza"
"naturaleza":"Centro público","provincia":"Zaragoza","nombre_centro":"GUARDERIA INFANTIL MUNICIPAL LO FORN","direccion_centro":"C/ HORNO 6"-n-"provincia":"Zaragoza"
"naturaleza":"Centro público","provincia":"Zaragoza","nombre_centro":"GUILLERMO FATÁS","direccion_centro":"Cl. La Iglesia, 61"-n-"provincia":"Zaragoza"
"naturaleza":"Centro público","provincia":"Zaragoza","nombre_centro":"GUSTAVO ADOLFO BÉCQUER","direccion_centro":"Avda. de la Jota, nº 7"-n-"provincia":"Zaragoza"
"naturaleza":"Centro público","provincia":"Zaragoza","nombre_centro":"HERMANOS ARGENSOLA","direccion_centro":"Cl. Escuelas, 23"-n-"provincia":"Zaragoza"
"naturaleza":"Centro público","provincia":"Zaragoza","nombre_centro":"HILARIÓN GIMENO","direccion_centro":"CL. Pedro Arnal Cavero, 1"-n-"provincia":"Zaragoza"
"naturaleza":"Centro público","provincia":"Zaragoza","nombre_centro":"ISABEL DE ARAGÓN","direccion_centro":"PZA. DE LA CONSTITUCIÓN, 1"-n-"provincia":"Zaragoza"
"naturaleza":"Centro público","provincia":"Zaragoza","nombre_centro":"ISIDORO GIL DE JAZ","direccion_centro":"Pza. De La Villa, 2"-n-"provincia":"Zaragoza"
"naturaleza":"Centro público","provincia":"Zaragoza","nombre_centro":"JERÓNIMO BLANCAS Y TOMÁS","direccion_centro":"CL. El Noticiero, 1"-n-"provincia":"Zaragoza"
"naturaleza":"Centro público","provincia":"Zaragoza","nombre_centro":"JERÓNIMO ZURITA Y CASTRO","direccion_centro":"Avda. De La Almozara, 58"-n-"provincia":"Zaragoza"
"naturaleza":"Centro público","provincia":"Zaragoza","nombre_centro":"JOAQUÍN COSTA","direccion_centro":"Avda. Navarra, 21"-n-"provincia":"Zaragoza"
"naturaleza":"Centro público","provincia":"Zaragoza","nombre_centro":"JOAQUÍN COSTA","direccion_centro":"Cl. Joaquín Costa, 73"-n-"provincia":"Zaragoza"
"naturaleza":"Centro público","provincia":"Zaragoza","nombre_centro":"JOAQUÍN COSTA","direccion_centro":"P.º María Agustín, 41"-n-"provincia":"Zaragoza"
"naturaleza":"Centro público","provincia":"Zaragoza","nombre_centro":"JOSÉ MARÍA MIR","direccion_centro":"Cl. Duquesa Villahermosa, 58"-n-"provincia":"Zaragoza"
"naturaleza":"Centro público","provincia":"Zaragoza","nombre_centro":"JUAN PABLO BONET","direccion_centro":"Cl. Río Gállego, 42"-n-"provincia":"Zaragoza"
"naturaleza":"Centro público","provincia":"Zaragoza","nombre_centro":"JUAN XXIII","direccion_centro":"Cl. Juan XXIII, 2"-n-"provincia":"Zaragoza"
"naturaleza":"Centro público","provincia":"Zaragoza","nombre_centro":"JULIÁN NIETO TAPIA","direccion_centro":"Cami. Del Pilón, 150"-n-"provincia":"Zaragoza"
"naturaleza":"Centro público","provincia":"Zaragoza","nombre_centro":"JULIÁN SANZ IBÁÑEZ","direccion_centro":"Cl. Leopoldo Romeo, 24"-n-"provincia":"Zaragoza"
"naturaleza":"Centro público","provincia":"Zaragoza","nombre_centro":"JUNQUICOS","direccion_centro":"CL. CIPRIANO GONZÁLEZ, 5"-n-"provincia":"Zaragoza"
"naturaleza":"Centro público","provincia":"Zaragoza","nombre_centro":"LA ALMOZARA","direccion_centro":"Cl. Bonn, 7"-n-"provincia":"Zaragoza"
"naturaleza":"Centro público","provincia":"Zaragoza","nombre_centro":"LA COMETA","direccion_centro":"CL. ESCUELAS, 8"-n-"provincia":"Zaragoza"
"naturaleza":"Centro público","provincia":"Zaragoza","nombre_centro":"LA COMETA","direccion_centro":"CL. LUÍS BUÑUEL, 7"-n-"provincia":"Zaragoza"
"naturaleza":"Centro público","provincia":"Zaragoza","nombre_centro":"LA CUEVA ENCANTADA","direccion_centro":"Pº. DE ARAGÓN, 120"-n-"provincia":"Zaragoza"
"naturaleza":"Centro público","provincia":"Zaragoza","nombre_centro":"LA CUNICA","direccion_centro":"CTRA. TORRES DE BERRELLÉN, S/N"-n-"provincia":"Zaragoza"
