"codciclo":"ADG201","nombreciclo":"Gestion Administrativa","grado":"GMedio"-n-"provincia":"Huesca"
"codciclo":"ADG201","nombreciclo":"Gestion Administrativa","grado":"GMedio"-n-"provincia":"Teruel"
"codciclo":"ADG201","nombreciclo":"Gestion Administrativa","grado":"GMedio"-n-"provincia":"Zaragoza"
"codciclo":"ADG301","nombreciclo":"Administracion y Finanzas","grado":"GSuperior"-n-"provincia":"Huesca"
"codciclo":"ADG301","nombreciclo":"Administracion y Finanzas","grado":"GSuperior"-n-"provincia":"Teruel"
"codciclo":"ADG301","nombreciclo":"Administracion y Finanzas","grado":"GSuperior"-n-"provincia":"Zaragoza"
"codciclo":"ADG302","nombreciclo":"Asistencia a la direccion","grado":"GSuperior"-n-"provincia":"Teruel"
"codciclo":"ADG302","nombreciclo":"Asistencia a la direccion","grado":"GSuperior"-n-"provincia":"Zaragoza"
"codciclo":"AFD201","nombreciclo":"Conduccion de Actividades Fisico-Deportivas en el Medio Natural","grado":"GMedio"-n-"provincia":"Huesca"
"codciclo":"AFD201","nombreciclo":"Conduccion de Actividades Fisico-Deportivas en el Medio Natural","grado":"GMedio"-n-"provincia":"Teruel"
"codciclo":"AFD201","nombreciclo":"Conduccion de Actividades Fisico-Deportivas en el Medio Natural","grado":"GMedio"-n-"provincia":"Zaragoza"
"codciclo":"AFD301","nombreciclo":"Animacion de Actividades Fisicas y Deportivas","grado":"GSuperior"-n-"provincia":"Huesca"
"codciclo":"AFD301","nombreciclo":"Animacion de Actividades Fisicas y Deportivas","grado":"GSuperior"-n-"provincia":"Teruel"
"codciclo":"AFD301","nombreciclo":"Animacion de Actividades Fisicas y Deportivas","grado":"GSuperior"-n-"provincia":"Zaragoza"
"codciclo":"AFD301","nombreciclo":"Enseñanza y animacion sociodeportiva","grado":"GSuperior"-n-"provincia":"Huesca"
"codciclo":"AFD301","nombreciclo":"Enseñanza y animacion sociodeportiva","grado":"GSuperior"-n-"provincia":"Teruel"
"codciclo":"AFD301","nombreciclo":"Enseñanza y animacion sociodeportiva","grado":"GSuperior"-n-"provincia":"Zaragoza"
"codciclo":"AFD302","nombreciclo":"Acondicionamiento fisico","grado":"GSuperior"-n-"provincia":"Teruel"
"codciclo":"AFD302","nombreciclo":"Acondicionamiento fisico","grado":"GSuperior"-n-"provincia":"Zaragoza"
"codciclo":"AGA201","nombreciclo":"Produccion Agropecuaria","grado":"GMedio"-n-"provincia":"Huesca"
"codciclo":"AGA201","nombreciclo":"Produccion Agropecuaria","grado":"GMedio"-n-"provincia":"Teruel"
"codciclo":"AGA201","nombreciclo":"Produccion Agropecuaria","grado":"GMedio"-n-"provincia":"Zaragoza"
"codciclo":"AGA204","nombreciclo":"Jardineria y Floristeria","grado":"GMedio"-n-"provincia":"Huesca"
"codciclo":"AGA204","nombreciclo":"Jardineria y Floristeria","grado":"GMedio"-n-"provincia":"Zaragoza"
"codciclo":"AGA205","nombreciclo":"Aprovechamiento y Conservacion del Medio Natural","grado":"GMedio"-n-"provincia":"Huesca"
"codciclo":"AGA205","nombreciclo":"Aprovechamiento y Conservacion del Medio Natural","grado":"GMedio"-n-"provincia":"Teruel"
"codciclo":"AGA205","nombreciclo":"Aprovechamiento y Conservacion del Medio Natural","grado":"GMedio"-n-"provincia":"Zaragoza"
"codciclo":"AGA302","nombreciclo":"Gestion Forestal y del Medio Natural","grado":"GSuperior"-n-"provincia":"Huesca"
"codciclo":"AGA302","nombreciclo":"Gestion Forestal y del Medio Natural","grado":"GSuperior"-n-"provincia":"Teruel"
"codciclo":"AGA302","nombreciclo":"Gestion Forestal y del Medio Natural","grado":"GSuperior"-n-"provincia":"Zaragoza"
"codciclo":"AGA303","nombreciclo":"Paisajismo y medio rural","grado":"GSuperior"-n-"provincia":"Huesca"
"codciclo":"AGA303","nombreciclo":"Paisajismo y medio rural","grado":"GSuperior"-n-"provincia":"Zaragoza"
"codciclo":"AGA304","nombreciclo":"Tecnico Superior en Ganaderia y Asistencia en Sanidad Animal","grado":"GSuperior"-n-"provincia":"Huesca"
"codciclo":"ARG202","nombreciclo":"Impresion Grafica","grado":"GMedio"-n-"provincia":"Zaragoza"
"codciclo":"ARG203","nombreciclo":"Preimpresion Digital","grado":"GMedio"-n-"provincia":"Zaragoza"
"codciclo":"ARG301","nombreciclo":"Diseño y edicion de publicaciones impresas y multimedia","grado":"GSuperior"-n-"provincia":"Zaragoza"
"codciclo":"COM201","nombreciclo":"Actividades Comerciales","grado":"GMedio"-n-"provincia":"Huesca"
"codciclo":"COM201","nombreciclo":"Actividades Comerciales","grado":"GMedio"-n-"provincia":"Zaragoza"
"codciclo":"COM301","nombreciclo":"Comercio Internacional","grado":"GSuperior"-n-"provincia":"Zaragoza"
"codciclo":"COM302","nombreciclo":"Gestion de ventas y espacios comerciales","grado":"GSuperior"-n-"provincia":"Zaragoza"
"codciclo":"COM303","nombreciclo":"Transporte y Logistica","grado":"GSuperior"-n-"provincia":"Teruel"
"codciclo":"COM303","nombreciclo":"Transporte y Logistica","grado":"GSuperior"-n-"provincia":"Zaragoza"
"codciclo":"COM304","nombreciclo":"Marketing y publicidad","grado":"GSuperior"-n-"provincia":"Huesca"
"codciclo":"COM304","nombreciclo":"Marketing y publicidad","grado":"GSuperior"-n-"provincia":"Zaragoza"
"codciclo":"ELE202","nombreciclo":"Instalaciones Electricas y Automaticas","grado":"GMedio"-n-"provincia":"Huesca"
"codciclo":"ELE202","nombreciclo":"Instalaciones Electricas y Automaticas","grado":"GMedio"-n-"provincia":"Teruel"
"codciclo":"ELE202","nombreciclo":"Instalaciones Electricas y Automaticas","grado":"GMedio"-n-"provincia":"Zaragoza"
"codciclo":"ELE203","nombreciclo":"Instalaciones de Telecomunicaciones","grado":"GMedio"-n-"provincia":"Huesca"
"codciclo":"ELE203","nombreciclo":"Instalaciones de Telecomunicaciones","grado":"GMedio"-n-"provincia":"Zaragoza"
"codciclo":"ELE301","nombreciclo":"Mantenimiento Electronico","grado":"GSuperior"-n-"provincia":"Zaragoza"
"codciclo":"ELE302","nombreciclo":"Sistemas Electrotecnicos y Automatizados","grado":"GSuperior"-n-"provincia":"Huesca"
"codciclo":"ELE302","nombreciclo":"Sistemas Electrotecnicos y Automatizados","grado":"GSuperior"-n-"provincia":"Teruel"
"codciclo":"ELE302","nombreciclo":"Sistemas Electrotecnicos y Automatizados","grado":"GSuperior"-n-"provincia":"Zaragoza"
"codciclo":"ELE303","nombreciclo":"Automatizacion y Robotica Industrial","grado":"GSuperior"-n-"provincia":"Huesca"
"codciclo":"ELE303","nombreciclo":"Automatizacion y Robotica Industrial","grado":"GSuperior"-n-"provincia":"Teruel"
"codciclo":"ELE303","nombreciclo":"Automatizacion y Robotica Industrial","grado":"GSuperior"-n-"provincia":"Zaragoza"
"codciclo":"ELE304","nombreciclo":"Sistemas de Telecomunicaciones e Informaticos","grado":"GSuperior"-n-"provincia":"Huesca"
"codciclo":"ELE304","nombreciclo":"Sistemas de Telecomunicaciones e Informaticos","grado":"GSuperior"-n-"provincia":"Zaragoza"
"codciclo":"ELE305","nombreciclo":"Electromedicina clinica","grado":"GSuperior"-n-"provincia":"Zaragoza"
"codciclo":"ENA301","nombreciclo":"Eficiencia Energetica y Energia Solar Termica","grado":"GSuperior"-n-"provincia":"Huesca"
"codciclo":"ENA301","nombreciclo":"Eficiencia Energetica y Energia Solar Termica","grado":"GSuperior"-n-"provincia":"Zaragoza"
"codciclo":"ENA302","nombreciclo":"Energias Renovables","grado":"GSuperior"-n-"provincia":"Huesca"
"codciclo":"EOC201","nombreciclo":"Obras de Interior, Decoracion y Rehabilitacion","grado":"GMedio"-n-"provincia":"Zaragoza"
"codciclo":"EOC203","nombreciclo":"Construccion","grado":"GMedio"-n-"provincia":"Zaragoza"
"codciclo":"EOC301","nombreciclo":"Proyectos de Edificacion","grado":"GSuperior"-n-"provincia":"Huesca"
"codciclo":"EOC301","nombreciclo":"Proyectos de Edificacion","grado":"GSuperior"-n-"provincia":"Zaragoza"
"codciclo":"EOC302","nombreciclo":"Proyectos de obra civil","grado":"GSuperior"-n-"provincia":"Zaragoza"
"codciclo":"EOC303","nombreciclo":"Organizacion y Control de Obras de Construccion","grado":"GSuperior"-n-"provincia":"Zaragoza"
"codciclo":"FME201","nombreciclo":"Conformado por moldeo de metales y polimeros","grado":"GMedio"-n-"provincia":"Zaragoza"
"codciclo":"FME202","nombreciclo":"Mecanizado","grado":"GMedio"-n-"provincia":"Huesca"
"codciclo":"FME202","nombreciclo":"Mecanizado","grado":"GMedio"-n-"provincia":"Zaragoza"
"codciclo":"FME203","nombreciclo":"Soldadura y Caldereria","grado":"GMedio"-n-"provincia":"Huesca"
"codciclo":"FME203","nombreciclo":"Soldadura y Caldereria","grado":"GMedio"-n-"provincia":"Zaragoza"
"codciclo":"FME301","nombreciclo":"Construcciones Metalicas","grado":"GSuperior"-n-"provincia":"Zaragoza"
"codciclo":"FME302","nombreciclo":"Diseño en Fabricacion Mecanica","grado":"GSuperior"-n-"provincia":"Zaragoza"
"codciclo":"FME304","nombreciclo":"Programacion de la Produccion en Fabricacion Mecanica","grado":"GSuperior"-n-"provincia":"Zaragoza"
"codciclo":"FME305","nombreciclo":"Programacion de la produccion en moldeo de metales y polimeros","grado":"GSuperior"-n-"provincia":"Zaragoza"
"codciclo":"FPB101","nombreciclo":"Servicios Administrativos","grado":"FPBasica"-n-"provincia":"Huesca"
"codciclo":"FPB101","nombreciclo":"Servicios Administrativos","grado":"FPBasica"-n-"provincia":"Teruel"
"codciclo":"FPB101","nombreciclo":"Servicios Administrativos","grado":"FPBasica"-n-"provincia":"Zaragoza"
"codciclo":"FPB102","nombreciclo":"Electricidad y Electronica","grado":"FPBasica"-n-"provincia":"Huesca"
"codciclo":"FPB102","nombreciclo":"Electricidad y Electronica","grado":"FPBasica"-n-"provincia":"Teruel"
"codciclo":"FPB102","nombreciclo":"Electricidad y Electronica","grado":"FPBasica"-n-"provincia":"Zaragoza"
"codciclo":"FPB103","nombreciclo":"Fabricacion y Montaje","grado":"FPBasica"-n-"provincia":"Huesca"
"codciclo":"FPB103","nombreciclo":"Fabricacion y Montaje","grado":"FPBasica"-n-"provincia":"Teruel"
"codciclo":"FPB103","nombreciclo":"Fabricacion y Montaje","grado":"FPBasica"-n-"provincia":"Zaragoza"
"codciclo":"FPB104","nombreciclo":"Informatica y Comunicaciones","grado":"FPBasica"-n-"provincia":"Huesca"
"codciclo":"FPB104","nombreciclo":"Informatica y Comunicaciones","grado":"FPBasica"-n-"provincia":"Teruel"
"codciclo":"FPB104","nombreciclo":"Informatica y Comunicaciones","grado":"FPBasica"-n-"provincia":"Zaragoza"
"codciclo":"FPB105","nombreciclo":"Cocina y Restauracion","grado":"FPBasica"-n-"provincia":"Huesca"
"codciclo":"FPB105","nombreciclo":"Cocina y Restauracion","grado":"FPBasica"-n-"provincia":"Teruel"
"codciclo":"FPB105","nombreciclo":"Cocina y Restauracion","grado":"FPBasica"-n-"provincia":"Zaragoza"
"codciclo":"FPB106","nombreciclo":"Mantenimiento de Vehiculos","grado":"FPBasica"-n-"provincia":"Huesca"
"codciclo":"FPB106","nombreciclo":"Mantenimiento de Vehiculos","grado":"FPBasica"-n-"provincia":"Teruel"
"codciclo":"FPB106","nombreciclo":"Mantenimiento de Vehiculos","grado":"FPBasica"-n-"provincia":"Zaragoza"
"codciclo":"FPB107","nombreciclo":"Agrojardineria y Composiciones Florales","grado":"FPBasica"-n-"provincia":"Zaragoza"
"codciclo":"FPB108","nombreciclo":"Peluqueria y Estetica","grado":"FPBasica"-n-"provincia":"Huesca"
"codciclo":"FPB108","nombreciclo":"Peluqueria y Estetica","grado":"FPBasica"-n-"provincia":"Teruel"
"codciclo":"FPB108","nombreciclo":"Peluqueria y Estetica","grado":"FPBasica"-n-"provincia":"Zaragoza"
"codciclo":"FPB109","nombreciclo":"Servicios Comerciales","grado":"FPBasica"-n-"provincia":"Zaragoza"
"codciclo":"FPB110","nombreciclo":"Carpinteria y Mueble","grado":"FPBasica"-n-"provincia":"Teruel"
"codciclo":"FPB110","nombreciclo":"Carpinteria y Mueble","grado":"FPBasica"-n-"provincia":"Zaragoza"
"codciclo":"FPB111","nombreciclo":"Reforma y Mantenimiento de Edificios","grado":"FPBasica"-n-"provincia":"Zaragoza"
"codciclo":"FPB112","nombreciclo":"Arreglo y Reparacion de Articulos Textiles y de Piel","grado":"FPBasica"-n-"provincia":"Zaragoza"
"codciclo":"FPB115","nombreciclo":"Actividades Agropecuarias","grado":"FPBasica"-n-"provincia":"Zaragoza"
"codciclo":"FPB116","nombreciclo":"Aprovechamientos Forestales","grado":"FPBasica"-n-"provincia":"Huesca"
"codciclo":"FPB116","nombreciclo":"Aprovechamientos Forestales","grado":"FPBasica"-n-"provincia":"Teruel"
"codciclo":"FPB116","nombreciclo":"Aprovechamientos Forestales","grado":"FPBasica"-n-"provincia":"Zaragoza"
"codciclo":"FPB117","nombreciclo":"Artes Graficas","grado":"FPBasica"-n-"provincia":"Zaragoza"
"codciclo":"FPB119","nombreciclo":"Industrias Alimentarias","grado":"FPBasica"-n-"provincia":"Teruel"
"codciclo":"FPB119","nombreciclo":"Industrias Alimentarias","grado":"FPBasica"-n-"provincia":"Zaragoza"
"codciclo":"FPB121","nombreciclo":"Informatica de Oficina","grado":"FPBasica"-n-"provincia":"Huesca"
"codciclo":"FPB121","nombreciclo":"Informatica de Oficina","grado":"FPBasica"-n-"provincia":"Zaragoza"
"codciclo":"FPB124","nombreciclo":"Profesional basico en mantenimiento de viviendas","grado":"FPBasica"-n-"provincia":"Zaragoza"
"codciclo":"FPB125","nombreciclo":"Profesional basico en fabricacion de elementos metalicos","grado":"FPBasica"-n-"provincia":"Teruel"
"codciclo":"FPB125","nombreciclo":"Profesional basico en fabricacion de elementos metalicos","grado":"FPBasica"-n-"provincia":"Zaragoza"
"codciclo":"FPB126","nombreciclo":"Profesional basico en instalaciones electrotecnicas y mecanica","grado":"FPBasica"-n-"provincia":"Zaragoza"
"codciclo":"HOT201","nombreciclo":"Cocina y Gastronomia","grado":"GMedio"-n-"provincia":"Huesca"
"codciclo":"HOT201","nombreciclo":"Cocina y Gastronomia","grado":"GMedio"-n-"provincia":"Teruel"
"codciclo":"HOT201","nombreciclo":"Cocina y Gastronomia","grado":"GMedio"-n-"provincia":"Zaragoza"
"codciclo":"HOT203","nombreciclo":"Servicios en Restauracion","grado":"GMedio"-n-"provincia":"Huesca"
"codciclo":"HOT203","nombreciclo":"Servicios en Restauracion","grado":"GMedio"-n-"provincia":"Teruel"
"codciclo":"HOT203","nombreciclo":"Servicios en Restauracion","grado":"GMedio"-n-"provincia":"Zaragoza"
"codciclo":"HOT301","nombreciclo":"Agencias de Viajes y Gestion de Eventos","grado":"GSuperior"-n-"provincia":"Zaragoza"
"codciclo":"HOT302","nombreciclo":"Gestion de Alojamientos Turisticos","grado":"GSuperior"-n-"provincia":"Huesca"
"codciclo":"HOT302","nombreciclo":"Gestion de Alojamientos Turisticos","grado":"GSuperior"-n-"provincia":"Zaragoza"
"codciclo":"HOT303","nombreciclo":"Guia, Informacion y Asistencia Turisticas","grado":"GSuperior"-n-"provincia":"Huesca"
"codciclo":"HOT303","nombreciclo":"Guia, Informacion y Asistencia Turisticas","grado":"GSuperior"-n-"provincia":"Teruel"
"codciclo":"HOT304","nombreciclo":"Direccion de Servicios de Restauracion","grado":"GSuperior"-n-"provincia":"Huesca"
"codciclo":"HOT304","nombreciclo":"Direccion de Servicios de Restauracion","grado":"GSuperior"-n-"provincia":"Teruel"
"codciclo":"HOT304","nombreciclo":"Direccion de Servicios de Restauracion","grado":"GSuperior"-n-"provincia":"Zaragoza"
"codciclo":"HOT305","nombreciclo":"Direccion de Cocina","grado":"GSuperior"-n-"provincia":"Huesca"
"codciclo":"HOT305","nombreciclo":"Direccion de Cocina","grado":"GSuperior"-n-"provincia":"Teruel"
"codciclo":"HOT305","nombreciclo":"Direccion de Cocina","grado":"GSuperior"-n-"provincia":"Zaragoza"
"codciclo":"IEX201","nombreciclo":"Tecnico en Excavaciones y Sondeos","grado":"GMedio"-n-"provincia":"Zaragoza"
"codciclo":"IFC201","nombreciclo":"Sistemas Microinformaticos y Redes","grado":"GMedio"-n-"provincia":"Huesca"
"codciclo":"IFC201","nombreciclo":"Sistemas Microinformaticos y Redes","grado":"GMedio"-n-"provincia":"Teruel"
"codciclo":"IFC201","nombreciclo":"Sistemas Microinformaticos y Redes","grado":"GMedio"-n-"provincia":"Zaragoza"
"codciclo":"IFC301","nombreciclo":"Administracion de Sistemas Informaticos en Red","grado":"GSuperior"-n-"provincia":"Huesca"
"codciclo":"IFC301","nombreciclo":"Administracion de Sistemas Informaticos en Red","grado":"GSuperior"-n-"provincia":"Teruel"
"codciclo":"IFC301","nombreciclo":"Administracion de Sistemas Informaticos en Red","grado":"GSuperior"-n-"provincia":"Zaragoza"
"codciclo":"IFC302","nombreciclo":"Desarrollo de Aplicaciones Multiplataforma","grado":"GSuperior"-n-"provincia":"Huesca"
"codciclo":"IFC302","nombreciclo":"Desarrollo de Aplicaciones Multiplataforma","grado":"GSuperior"-n-"provincia":"Teruel"
"codciclo":"IFC302","nombreciclo":"Desarrollo de Aplicaciones Multiplataforma","grado":"GSuperior"-n-"provincia":"Zaragoza"
"codciclo":"IFC303","nombreciclo":"Desarrollo de Aplicaciones WEB","grado":"GSuperior"-n-"provincia":"Huesca"
"codciclo":"IFC303","nombreciclo":"Desarrollo de Aplicaciones WEB","grado":"GSuperior"-n-"provincia":"Teruel"
"codciclo":"IFC303","nombreciclo":"Desarrollo de Aplicaciones WEB","grado":"GSuperior"-n-"provincia":"Zaragoza"
"codciclo":"IMA201","nombreciclo":"Mantenimiento Electromecanico","grado":"GMedio"-n-"provincia":"Huesca"
"codciclo":"IMA201","nombreciclo":"Mantenimiento Electromecanico","grado":"GMedio"-n-"provincia":"Teruel"
"codciclo":"IMA201","nombreciclo":"Mantenimiento Electromecanico","grado":"GMedio"-n-"provincia":"Zaragoza"
"codciclo":"IMA202","nombreciclo":"Instalaciones Frigorificas y de Climatizacion","grado":"GMedio"-n-"provincia":"Huesca"
"codciclo":"IMA202","nombreciclo":"Instalaciones Frigorificas y de Climatizacion","grado":"GMedio"-n-"provincia":"Teruel"
"codciclo":"IMA202","nombreciclo":"Instalaciones Frigorificas y de Climatizacion","grado":"GMedio"-n-"provincia":"Zaragoza"
"codciclo":"IMA203","nombreciclo":"Instalaciones de Produccion de Calor","grado":"GMedio"-n-"provincia":"Huesca"
"codciclo":"IMA203","nombreciclo":"Instalaciones de Produccion de Calor","grado":"GMedio"-n-"provincia":"Teruel"
"codciclo":"IMA203","nombreciclo":"Instalaciones de Produccion de Calor","grado":"GMedio"-n-"provincia":"Zaragoza"
"codciclo":"IMA301","nombreciclo":"Mantenimiento de Instalaciones Termicas y de Fluidos","grado":"GSuperior"-n-"provincia":"Huesca"
"codciclo":"IMA301","nombreciclo":"Mantenimiento de Instalaciones Termicas y de Fluidos","grado":"GSuperior"-n-"provincia":"Zaragoza"
"codciclo":"IMA302","nombreciclo":"Mecatronica Industrial","grado":"GSuperior"-n-"provincia":"Teruel"
"codciclo":"IMA302","nombreciclo":"Mecatronica Industrial","grado":"GSuperior"-n-"provincia":"Zaragoza"
"codciclo":"IMP202","nombreciclo":"Estetica y belleza","grado":"GMedio"-n-"provincia":"Zaragoza"
"codciclo":"IMP203","nombreciclo":"Peluqueria y Cosmetica Capilar","grado":"GMedio"-n-"provincia":"Huesca"
"codciclo":"IMP203","nombreciclo":"Peluqueria y Cosmetica Capilar","grado":"GMedio"-n-"provincia":"Teruel"
"codciclo":"IMP203","nombreciclo":"Peluqueria y Cosmetica Capilar","grado":"GMedio"-n-"provincia":"Zaragoza"
"codciclo":"IMP301","nombreciclo":"Asesoria de Imagen Personal y corporativa","grado":"GSuperior"-n-"provincia":"Zaragoza"
"codciclo":"IMP302","nombreciclo":"Estetica Integral y Bienestar","grado":"GSuperior"-n-"provincia":"Zaragoza"
"codciclo":"IMP303","nombreciclo":"Estilismo y direccion de peluqueria","grado":"GSuperior"-n-"provincia":"Huesca"
"codciclo":"IMP303","nombreciclo":"Estilismo y direccion de peluqueria","grado":"GSuperior"-n-"provincia":"Zaragoza"
"codciclo":"IMS202","nombreciclo":"Video, disc-jockey y sonido","grado":"GMedio"-n-"provincia":"Huesca"
"codciclo":"IMS202","nombreciclo":"Video, disc-jockey y sonido","grado":"GMedio"-n-"provincia":"Zaragoza"
"codciclo":"IMS301","nombreciclo":"Iluminacion, captacion y tratamiento de la imagen","grado":"GSuperior"-n-"provincia":"Zaragoza"
"codciclo":"IMS302","nombreciclo":"Produccion de Audiovisuales y espectaculos","grado":"GSuperior"-n-"provincia":"Zaragoza"
"codciclo":"IMS303","nombreciclo":"Realizacion de proyectos Audiovisuales y espectaculos","grado":"GSuperior"-n-"provincia":"Zaragoza"
"codciclo":"IMS304","nombreciclo":"Sonido para Audiovisuales y espectaculos","grado":"GSuperior"-n-"provincia":"Huesca"
"codciclo":"IMS305","nombreciclo":"Animaciones 3D, juegos y entornos interactivos","grado":"GSuperior"-n-"provincia":"Zaragoza"
"codciclo":"INA201","nombreciclo":"Elaboracion de Productos Alimenticios","grado":"GMedio"-n-"provincia":"Huesca"
"codciclo":"INA201","nombreciclo":"Elaboracion de Productos Alimenticios","grado":"GMedio"-n-"provincia":"Zaragoza"
"codciclo":"INA204","nombreciclo":"Aceites de Oliva y Vinos","grado":"GMedio"-n-"provincia":"Zaragoza"
"codciclo":"INA207","nombreciclo":"Panaderia, Reposteria y Confiteria","grado":"GMedio"-n-"provincia":"Huesca"
"codciclo":"INA207","nombreciclo":"Panaderia, Reposteria y Confiteria","grado":"GMedio"-n-"provincia":"Teruel"
"codciclo":"INA207","nombreciclo":"Panaderia, Reposteria y Confiteria","grado":"GMedio"-n-"provincia":"Zaragoza"
"codciclo":"INA301","nombreciclo":"Procesos y Calidad en la Industria Alimentaria","grado":"GSuperior"-n-"provincia":"Zaragoza"
"codciclo":"INA302","nombreciclo":"Vitivinicultura","grado":"GSuperior"-n-"provincia":"Zaragoza"
"codciclo":"MAM201","nombreciclo":"Instalacion y Amueblamiento","grado":"GMedio"-n-"provincia":"Teruel"
"codciclo":"MAM201","nombreciclo":"Instalacion y Amueblamiento","grado":"GMedio"-n-"provincia":"Zaragoza"
"codciclo":"MAM202","nombreciclo":"Tecnico en Carpinteria y Mueble","grado":"GMedio"-n-"provincia":"Teruel"
"codciclo":"MAM202","nombreciclo":"Tecnico en Carpinteria y Mueble","grado":"GMedio"-n-"provincia":"Zaragoza"
"codciclo":"MAM301","nombreciclo":"Diseño y Amueblamiento","grado":"GSuperior"-n-"provincia":"Zaragoza"
"codciclo":"MSP304","nombreciclo":"Prevencion de Riesgos Profesionales","grado":"GSuperior"-n-"provincia":"Zaragoza"
"codciclo":"MVA302","nombreciclo":"Mantenimiento Aeromecanico","grado":"GSuperior"-n-"provincia":"Teruel"
"codciclo":"MVA302","nombreciclo":"Mantenimiento Aeromecanico","grado":"GSuperior"-n-"provincia":"Zaragoza"
"codciclo":"QUI201","nombreciclo":"Operaciones de Laboratorio","grado":"GMedio"-n-"provincia":"Huesca"
"codciclo":"QUI201","nombreciclo":"Operaciones de Laboratorio","grado":"GMedio"-n-"provincia":"Zaragoza"
"codciclo":"QUI204","nombreciclo":"Planta Quimica","grado":"GMedio"-n-"provincia":"Huesca"
"codciclo":"QUI301","nombreciclo":"Laboratorio de Analisis y de Control de Calidad","grado":"GSuperior"-n-"provincia":"Huesca"
"codciclo":"QUI301","nombreciclo":"Laboratorio de Analisis y de Control de Calidad","grado":"GSuperior"-n-"provincia":"Zaragoza"
"codciclo":"QUI304","nombreciclo":"Quimica Industrial","grado":"GSuperior"-n-"provincia":"Zaragoza"
"codciclo":"QUI306","nombreciclo":"Quimica Ambiental","grado":"GSuperior"-n-"provincia":"Zaragoza"
"codciclo":"SAN201","nombreciclo":"Cuidados Auxiliares de Enfermeria","grado":"GMedio"-n-"provincia":"Huesca"
"codciclo":"SAN201","nombreciclo":"Cuidados Auxiliares de Enfermeria","grado":"GMedio"-n-"provincia":"Teruel"
"codciclo":"SAN201","nombreciclo":"Cuidados Auxiliares de Enfermeria","grado":"GMedio"-n-"provincia":"Zaragoza"
"codciclo":"SAN202","nombreciclo":"Farmacia y Parafarmacia","grado":"GMedio"-n-"provincia":"Teruel"
"codciclo":"SAN202","nombreciclo":"Farmacia y Parafarmacia","grado":"GMedio"-n-"provincia":"Zaragoza"
"codciclo":"SAN203","nombreciclo":"Emergencias Sanitarias","grado":"GMedio"-n-"provincia":"Teruel"
"codciclo":"SAN203","nombreciclo":"Emergencias Sanitarias","grado":"GMedio"-n-"provincia":"Zaragoza"
"codciclo":"SAN301","nombreciclo":"Tecnico Superior en Anatomia Patologica y Citodiagnostico","grado":"GSuperior"-n-"provincia":"Zaragoza"
"codciclo":"SAN302","nombreciclo":"Dietetica","grado":"GSuperior"-n-"provincia":"Zaragoza"
"codciclo":"SAN303","nombreciclo":"Tecnico Superior en Documentacion y Administracion Sanitarias","grado":"GSuperior"-n-"provincia":"Huesca"
"codciclo":"SAN303","nombreciclo":"Tecnico Superior en Documentacion y Administracion Sanitarias","grado":"GSuperior"-n-"provincia":"Zaragoza"
"codciclo":"SAN304","nombreciclo":"Tecnico Superior en Higiene Bucodental","grado":"GSuperior"-n-"provincia":"Huesca"
"codciclo":"SAN304","nombreciclo":"Tecnico Superior en Higiene Bucodental","grado":"GSuperior"-n-"provincia":"Teruel"
"codciclo":"SAN304","nombreciclo":"Tecnico Superior en Higiene Bucodental","grado":"GSuperior"-n-"provincia":"Zaragoza"
"codciclo":"SAN305","nombreciclo":"Tecnico Superior en Imagen para el Diagnostico y Medicina Nuclear","grado":"GSuperior"-n-"provincia":"Zaragoza"
"codciclo":"SAN306","nombreciclo":"Tecnico Superior en Laboratorio Clinico y Biomedico","grado":"GSuperior"-n-"provincia":"Teruel"
"codciclo":"SAN306","nombreciclo":"Tecnico Superior en Laboratorio Clinico y Biomedico","grado":"GSuperior"-n-"provincia":"Zaragoza"
"codciclo":"SAN308","nombreciclo":"Protesis Dentales","grado":"GSuperior"-n-"provincia":"Zaragoza"
"codciclo":"SAN309","nombreciclo":"Tecnico Superior en Radioterapia y Dosimetria","grado":"GSuperior"-n-"provincia":"Zaragoza"
"codciclo":"SAN310","nombreciclo":"Salud Ambiental","grado":"GSuperior"-n-"provincia":"Zaragoza"
"codciclo":"SEA201","nombreciclo":"Emergencias y proteccion civil","grado":"GMedio"-n-"provincia":"Teruel"
"codciclo":"SEA301","nombreciclo":"Educacion y Control Ambiental","grado":"GSuperior"-n-"provincia":"Huesca"
"codciclo":"SEA302","nombreciclo":"Coordinacion de Emergencias y Proteccion Civil","grado":"GSuperior"-n-"provincia":"Teruel"
"codciclo":"SSC201","nombreciclo":"Atencion a Personas en situacion de Dependencia","grado":"GMedio"-n-"provincia":"Huesca"
"codciclo":"SSC201","nombreciclo":"Atencion a Personas en situacion de Dependencia","grado":"GMedio"-n-"provincia":"Teruel"
"codciclo":"SSC201","nombreciclo":"Atencion a Personas en situacion de Dependencia","grado":"GMedio"-n-"provincia":"Zaragoza"
"codciclo":"SSC301","nombreciclo":"Animacion sociocultural y turistica","grado":"GSuperior"-n-"provincia":"Huesca"
"codciclo":"SSC301","nombreciclo":"Animacion sociocultural y turistica","grado":"GSuperior"-n-"provincia":"Zaragoza"
"codciclo":"SSC302","nombreciclo":"Educacion Infantil (Formacion Profesional)","grado":"GSuperior"-n-"provincia":"Huesca"
"codciclo":"SSC302","nombreciclo":"Educacion Infantil (Formacion Profesional)","grado":"GSuperior"-n-"provincia":"Teruel"
"codciclo":"SSC302","nombreciclo":"Educacion Infantil (Formacion Profesional)","grado":"GSuperior"-n-"provincia":"Zaragoza"
"codciclo":"SSC303","nombreciclo":"Integracion social","grado":"GSuperior"-n-"provincia":"Teruel"
"codciclo":"SSC303","nombreciclo":"Integracion social","grado":"GSuperior"-n-"provincia":"Zaragoza"
"codciclo":"SSC304","nombreciclo":"Tecnico Superior en Mediacion Comunicativa","grado":"GSuperior"-n-"provincia":"Teruel"
"codciclo":"SSC304","nombreciclo":"Tecnico Superior en Mediacion Comunicativa","grado":"GSuperior"-n-"provincia":"Zaragoza"
"codciclo":"SSC305","nombreciclo":"Promocion de igualdad de genero","grado":"GSuperior"-n-"provincia":"Zaragoza"
"codciclo":"TCP202","nombreciclo":"Confeccion y Moda","grado":"GMedio"-n-"provincia":"Zaragoza"
"codciclo":"TCP301","nombreciclo":"Patronaje y Moda","grado":"GSuperior"-n-"provincia":"Zaragoza"
"codciclo":"TMV201","nombreciclo":"Carroceria","grado":"GMedio"-n-"provincia":"Huesca"
"codciclo":"TMV201","nombreciclo":"Carroceria","grado":"GMedio"-n-"provincia":"Zaragoza"
"codciclo":"TMV202","nombreciclo":"Electromecanica de Vehiculos Automoviles","grado":"GMedio"-n-"provincia":"Huesca"
"codciclo":"TMV202","nombreciclo":"Electromecanica de Vehiculos Automoviles","grado":"GMedio"-n-"provincia":"Teruel"
"codciclo":"TMV202","nombreciclo":"Electromecanica de Vehiculos Automoviles","grado":"GMedio"-n-"provincia":"Zaragoza"
"codciclo":"TMV204","nombreciclo":"Tecnico de Electromecanica de Maquinaria","grado":"GMedio"-n-"provincia":"Teruel"
"codciclo":"TMV204","nombreciclo":"Tecnico de Electromecanica de Maquinaria","grado":"GMedio"-n-"provincia":"Zaragoza"
"codciclo":"TMV301","nombreciclo":"Automocion","grado":"GSuperior"-n-"provincia":"Huesca"
"codciclo":"TMV301","nombreciclo":"Automocion","grado":"GSuperior"-n-"provincia":"Teruel"
"codciclo":"TMV301","nombreciclo":"Automocion","grado":"GSuperior"-n-"provincia":"Zaragoza"
