"provincia":"Huesca"-n-"codciclo":"ADG201","nombreciclo":"Gestion Administrativa","grado":"GMedio"-n-"nombrecentro":"BAJO CINCA","mailcentro":"iesbcfraga@educa.aragon.es"
"provincia":"Huesca"-n-"codciclo":"ADG201","nombreciclo":"Gestion Administrativa","grado":"GMedio"-n-"nombrecentro":"BIELLO ARAGON","mailcentro":"iesbasabinanigo@educa.aragon.es"
"provincia":"Huesca"-n-"codciclo":"ADG201","nombreciclo":"Gestion Administrativa","grado":"GMedio"-n-"nombrecentro":"ESCUELAS PIAS","mailcentro":"joseignaciobilbao@escolapiosemaus.org"
"provincia":"Huesca"-n-"codciclo":"ADG201","nombreciclo":"Gestion Administrativa","grado":"GMedio"-n-"nombrecentro":"HERMANOS ARGENSOLA","mailcentro":"ieshabarbastro@educa.aragon.es"
"provincia":"Huesca"-n-"codciclo":"ADG201","nombreciclo":"Gestion Administrativa","grado":"GMedio"-n-"nombrecentro":"LA LLITERA","mailcentro":"iestamarite@educa.aragon.es"
"provincia":"Huesca"-n-"codciclo":"ADG201","nombreciclo":"Gestion Administrativa","grado":"GMedio"-n-"nombrecentro":"MONEGROS-GASPAR LAX","mailcentro":"iessarinena@educa.aragon.es"
"provincia":"Huesca"-n-"codciclo":"ADG201","nombreciclo":"Gestion Administrativa","grado":"GMedio"-n-"nombrecentro":"SANTO DOMINGO SAVIO","mailcentro":"colegio.monzon@salesianos.org"
"provincia":"Huesca"-n-"codciclo":"ADG201","nombreciclo":"Gestion Administrativa","grado":"GMedio"-n-"nombrecentro":"SIERRA DE GUARA","mailcentro":"iessguhuesca@educa.aragon.es"
"provincia":"Huesca"-n-"codciclo":"ADG301","nombreciclo":"Administracion y Finanzas","grado":"GSuperior"-n-"nombrecentro":"BAJO CINCA","mailcentro":"iesbcfraga@educa.aragon.es"
"provincia":"Huesca"-n-"codciclo":"ADG301","nombreciclo":"Administracion y Finanzas","grado":"GSuperior"-n-"nombrecentro":"BIELLO ARAGON","mailcentro":"iesbasabinanigo@educa.aragon.es"
"provincia":"Huesca"-n-"codciclo":"ADG301","nombreciclo":"Administracion y Finanzas","grado":"GSuperior"-n-"nombrecentro":"HERMANOS ARGENSOLA","mailcentro":"ieshabarbastro@educa.aragon.es"
"provincia":"Huesca"-n-"codciclo":"ADG301","nombreciclo":"Administracion y Finanzas","grado":"GSuperior"-n-"nombrecentro":"LA LLITERA","mailcentro":"iestamarite@educa.aragon.es"
"provincia":"Huesca"-n-"codciclo":"ADG301","nombreciclo":"Administracion y Finanzas","grado":"GSuperior"-n-"nombrecentro":"SANTO DOMINGO SAVIO","mailcentro":"colegio.monzon@salesianos.org"
"provincia":"Huesca"-n-"codciclo":"ADG301","nombreciclo":"Administracion y Finanzas","grado":"GSuperior"-n-"nombrecentro":"SIERRA DE GUARA","mailcentro":"iessguhuesca@educa.aragon.es"
"provincia":"Huesca"-n-"codciclo":"AFD201","nombreciclo":"Conduccion de Actividades Fisico-Deportivas en el Medio Natural","grado":"GMedio"-n-"nombrecentro":"SOBRARBE","mailcentro":"iesainsa@educa.aragon.es"
"provincia":"Huesca"-n-"codciclo":"AFD301","nombreciclo":"Animacion de Actividades Fisicas y Deportivas","grado":"GSuperior"-n-"nombrecentro":"PIRAMIDE","mailcentro":"cpifppiramide@educa.aragon.es"
"provincia":"Huesca"-n-"codciclo":"AFD301","nombreciclo":"Enseñanza y animacion sociodeportiva","grado":"GSuperior"-n-"nombrecentro":"PIRAMIDE","mailcentro":"cpifppiramide@educa.aragon.es"
"provincia":"Huesca"-n-"codciclo":"AGA201","nombreciclo":"Produccion Agropecuaria","grado":"GMedio"-n-"nombrecentro":"MONTEARAGON","mailcentro":"cpifpmontearagon@educa.aragon.es"
"provincia":"Huesca"-n-"codciclo":"AGA204","nombreciclo":"Jardineria y Floristeria","grado":"GMedio"-n-"nombrecentro":"MONTEARAGON","mailcentro":"cpifpmontearagon@educa.aragon.es"
"provincia":"Huesca"-n-"codciclo":"AGA205","nombreciclo":"Aprovechamiento y Conservacion del Medio Natural","grado":"GMedio"-n-"nombrecentro":"INSTITUTO DE FORMACION AGROAMBIENTAL","mailcentro":"ifaja@aragon.es"
"provincia":"Huesca"-n-"codciclo":"AGA205","nombreciclo":"Aprovechamiento y Conservacion del Medio Natural","grado":"GMedio"-n-"nombrecentro":"MONTEARAGON","mailcentro":"cpifpmontearagon@educa.aragon.es"
"provincia":"Huesca"-n-"codciclo":"AGA302","nombreciclo":"Gestion Forestal y del Medio Natural","grado":"GSuperior"-n-"nombrecentro":"INSTITUTO DE FORMACION AGROAMBIENTAL","mailcentro":"ifaja@aragon.es"
"provincia":"Huesca"-n-"codciclo":"AGA302","nombreciclo":"Gestion Forestal y del Medio Natural","grado":"GSuperior"-n-"nombrecentro":"MONTEARAGON","mailcentro":"cpifpmontearagon@educa.aragon.es"
"provincia":"Huesca"-n-"codciclo":"AGA303","nombreciclo":"Paisajismo y medio rural","grado":"GSuperior"-n-"nombrecentro":"MONTEARAGON","mailcentro":"cpifpmontearagon@educa.aragon.es"
"provincia":"Huesca"-n-"codciclo":"AGA304","nombreciclo":"Tecnico Superior en Ganaderia y Asistencia en Sanidad Animal","grado":"GSuperior"-n-"nombrecentro":"MONTEARAGON","mailcentro":"cpifpmontearagon@educa.aragon.es"
"provincia":"Huesca"-n-"codciclo":"COM201","nombreciclo":"Actividades Comerciales","grado":"GMedio"-n-"nombrecentro":"PIRAMIDE","mailcentro":"cpifppiramide@educa.aragon.es"
"provincia":"Huesca"-n-"codciclo":"COM304","nombreciclo":"Marketing y publicidad","grado":"GSuperior"-n-"nombrecentro":"BAJO CINCA","mailcentro":"iesbcfraga@educa.aragon.es"
"provincia":"Huesca"-n-"codciclo":"ELE202","nombreciclo":"Instalaciones Electricas y Automaticas","grado":"GMedio"-n-"nombrecentro":"BIELLO ARAGON","mailcentro":"iesbasabinanigo@educa.aragon.es"
"provincia":"Huesca"-n-"codciclo":"ELE202","nombreciclo":"Instalaciones Electricas y Automaticas","grado":"GMedio"-n-"nombrecentro":"PIRAMIDE","mailcentro":"cpifppiramide@educa.aragon.es"
"provincia":"Huesca"-n-"codciclo":"ELE202","nombreciclo":"Instalaciones Electricas y Automaticas","grado":"GMedio"-n-"nombrecentro":"SANTO DOMINGO SAVIO","mailcentro":"colegio.monzon@salesianos.org"
"provincia":"Huesca"-n-"codciclo":"ELE203","nombreciclo":"Instalaciones de Telecomunicaciones","grado":"GMedio"-n-"nombrecentro":"MARTINEZ VARGAS","mailcentro":"iesmvbarbastro@educa.aragon.es"
"provincia":"Huesca"-n-"codciclo":"ELE302","nombreciclo":"Sistemas Electrotecnicos y Automatizados","grado":"GSuperior"-n-"nombrecentro":"MARTINEZ VARGAS","mailcentro":"iesmvbarbastro@educa.aragon.es"
"provincia":"Huesca"-n-"codciclo":"ELE303","nombreciclo":"Automatizacion y Robotica Industrial","grado":"GSuperior"-n-"nombrecentro":"BIELLO ARAGON","mailcentro":"iesbasabinanigo@educa.aragon.es"
"provincia":"Huesca"-n-"codciclo":"ELE303","nombreciclo":"Automatizacion y Robotica Industrial","grado":"GSuperior"-n-"nombrecentro":"SANTO DOMINGO SAVIO","mailcentro":"colegio.monzon@salesianos.org"
"provincia":"Huesca"-n-"codciclo":"ELE304","nombreciclo":"Sistemas de Telecomunicaciones e Informaticos","grado":"GSuperior"-n-"nombrecentro":"PIRAMIDE","mailcentro":"cpifppiramide@educa.aragon.es"
"provincia":"Huesca"-n-"codciclo":"ENA301","nombreciclo":"Eficiencia Energetica y Energia Solar Termica","grado":"GSuperior"-n-"nombrecentro":"PIRAMIDE","mailcentro":"cpifppiramide@educa.aragon.es"
"provincia":"Huesca"-n-"codciclo":"ENA302","nombreciclo":"Energias Renovables","grado":"GSuperior"-n-"nombrecentro":"PIRAMIDE","mailcentro":"cpifppiramide@educa.aragon.es"
"provincia":"Huesca"-n-"codciclo":"EOC301","nombreciclo":"Proyectos de Edificacion","grado":"GSuperior"-n-"nombrecentro":"PIRAMIDE","mailcentro":"cpifppiramide@educa.aragon.es"
"provincia":"Huesca"-n-"codciclo":"FME202","nombreciclo":"Mecanizado","grado":"GMedio"-n-"nombrecentro":"LA LLITERA","mailcentro":"iestamarite@educa.aragon.es"
"provincia":"Huesca"-n-"codciclo":"FME202","nombreciclo":"Mecanizado","grado":"GMedio"-n-"nombrecentro":"SANTO DOMINGO SAVIO","mailcentro":"colegio.monzon@salesianos.org"
"provincia":"Huesca"-n-"codciclo":"FME203","nombreciclo":"Soldadura y Caldereria","grado":"GMedio"-n-"nombrecentro":"MONTEARAGON","mailcentro":"cpifpmontearagon@educa.aragon.es"
"provincia":"Huesca"-n-"codciclo":"FPB101","nombreciclo":"Servicios Administrativos","grado":"FPBasica"-n-"nombrecentro":"BAJO CINCA","mailcentro":"iesbcfraga@educa.aragon.es"
"provincia":"Huesca"-n-"codciclo":"FPB101","nombreciclo":"Servicios Administrativos","grado":"FPBasica"-n-"nombrecentro":"BIELLO ARAGON","mailcentro":"iesbasabinanigo@educa.aragon.es"
"provincia":"Huesca"-n-"codciclo":"FPB101","nombreciclo":"Servicios Administrativos","grado":"FPBasica"-n-"nombrecentro":"JOSE MOR DE FUENTES","mailcentro":"iesmonzon@educa.aragon.es"
"provincia":"Huesca"-n-"codciclo":"FPB101","nombreciclo":"Servicios Administrativos","grado":"FPBasica"-n-"nombrecentro":"MONEGROS-GASPAR LAX","mailcentro":"iessarinena@educa.aragon.es"
"provincia":"Huesca"-n-"codciclo":"FPB101","nombreciclo":"Servicios Administrativos","grado":"FPBasica"-n-"nombrecentro":"RAMON Y CAJAL","mailcentro":"iesrychuesca@educa.aragon.es"
"provincia":"Huesca"-n-"codciclo":"FPB102","nombreciclo":"Electricidad y Electronica","grado":"FPBasica"-n-"nombrecentro":"BIELLO ARAGON","mailcentro":"iesbasabinanigo@educa.aragon.es"
"provincia":"Huesca"-n-"codciclo":"FPB102","nombreciclo":"Electricidad y Electronica","grado":"FPBasica"-n-"nombrecentro":"MONEGROS-GASPAR LAX","mailcentro":"iessarinena@educa.aragon.es"
"provincia":"Huesca"-n-"codciclo":"FPB102","nombreciclo":"Electricidad y Electronica","grado":"FPBasica"-n-"nombrecentro":"RAMON J. SENDER","mailcentro":"iesrsfraga@educa.aragon.es"
"provincia":"Huesca"-n-"codciclo":"FPB103","nombreciclo":"Fabricacion y Montaje","grado":"FPBasica"-n-"nombrecentro":"LA LLITERA","mailcentro":"iestamarite@educa.aragon.es"
"provincia":"Huesca"-n-"codciclo":"FPB103","nombreciclo":"Fabricacion y Montaje","grado":"FPBasica"-n-"nombrecentro":"MONTEARAGON","mailcentro":"cpifpmontearagon@educa.aragon.es"
"provincia":"Huesca"-n-"codciclo":"FPB103","nombreciclo":"Fabricacion y Montaje","grado":"FPBasica"-n-"nombrecentro":"SANTO DOMINGO SAVIO","mailcentro":"colegio.monzon@salesianos.org"
"provincia":"Huesca"-n-"codciclo":"FPB103","nombreciclo":"Fabricacion y Montaje","grado":"FPBasica"-n-"nombrecentro":"SIERRA DE SAN QUILEZ","mailcentro":"iesbinefar@educa.aragon.es"
"provincia":"Huesca"-n-"codciclo":"FPB104","nombreciclo":"Informatica y Comunicaciones","grado":"FPBasica"-n-"nombrecentro":"JOSE MOR DE FUENTES","mailcentro":"iesmonzon@educa.aragon.es"
"provincia":"Huesca"-n-"codciclo":"FPB104","nombreciclo":"Informatica y Comunicaciones","grado":"FPBasica"-n-"nombrecentro":"PIRAMIDE","mailcentro":"iespirhuesca@educa.aragon.es"
"provincia":"Huesca"-n-"codciclo":"FPB105","nombreciclo":"Cocina y Restauracion","grado":"FPBasica"-n-"nombrecentro":"BIELLO ARAGON","mailcentro":"iesbasabinanigo@educa.aragon.es"
"provincia":"Huesca"-n-"codciclo":"FPB105","nombreciclo":"Cocina y Restauracion","grado":"FPBasica"-n-"nombrecentro":"NTRA. SRA. DE GUAYENTE","mailcentro":"escuelahosteleria@guayente.info"
"provincia":"Huesca"-n-"codciclo":"FPB105","nombreciclo":"Cocina y Restauracion","grado":"FPBasica"-n-"nombrecentro":"SAN JOSE DE CALASANZ","mailcentro":"sjcalasanzbar@escolapiosemaus.org"
"provincia":"Huesca"-n-"codciclo":"FPB105","nombreciclo":"Cocina y Restauracion","grado":"FPBasica"-n-"nombrecentro":"SAN LORENZO","mailcentro":"cpifpsanlorenzo@educa.aragon.es"
"provincia":"Huesca"-n-"codciclo":"FPB106","nombreciclo":"Mantenimiento de Vehiculos","grado":"FPBasica"-n-"nombrecentro":"MARTINEZ VARGAS","mailcentro":"iesmvbarbastro@educa.aragon.es"
"provincia":"Huesca"-n-"codciclo":"FPB106","nombreciclo":"Mantenimiento de Vehiculos","grado":"FPBasica"-n-"nombrecentro":"PIRINEOS","mailcentro":"iespijaca@educa.aragon.es"
"provincia":"Huesca"-n-"codciclo":"FPB106","nombreciclo":"Mantenimiento de Vehiculos","grado":"FPBasica"-n-"nombrecentro":"SIERRA DE GUARA","mailcentro":"iessguhuesca@educa.aragon.es"
"provincia":"Huesca"-n-"codciclo":"FPB108","nombreciclo":"Peluqueria y Estetica","grado":"FPBasica"-n-"nombrecentro":"SIERRA DE SAN QUILEZ","mailcentro":"iesbinefar@educa.aragon.es"
"provincia":"Huesca"-n-"codciclo":"FPB116","nombreciclo":"Aprovechamientos Forestales","grado":"FPBasica"-n-"nombrecentro":"MONTEARAGON","mailcentro":"cpifpmontearagon@educa.aragon.es"
"provincia":"Huesca"-n-"codciclo":"FPB121","nombreciclo":"Informatica de Oficina","grado":"FPBasica"-n-"nombrecentro":"BALTASAR GRACIAN","mailcentro":"iesgraus@educa.aragon.es"
"provincia":"Huesca"-n-"codciclo":"FPB121","nombreciclo":"Informatica de Oficina","grado":"FPBasica"-n-"nombrecentro":"HERMANOS ARGENSOLA","mailcentro":"ieshabarbastro@educa.aragon.es"
"provincia":"Huesca"-n-"codciclo":"HOT201","nombreciclo":"Cocina y Gastronomia","grado":"GMedio"-n-"nombrecentro":"NTRA. SRA. DE GUAYENTE","mailcentro":"escuelahosteleria@guayente.info"
"provincia":"Huesca"-n-"codciclo":"HOT201","nombreciclo":"Cocina y Gastronomia","grado":"GMedio"-n-"nombrecentro":"SAN LORENZO","mailcentro":"cpifpsanlorenzo@educa.aragon.es"
"provincia":"Huesca"-n-"codciclo":"HOT203","nombreciclo":"Servicios en Restauracion","grado":"GMedio"-n-"nombrecentro":"NTRA. SRA. DE GUAYENTE","mailcentro":"escuelahosteleria@guayente.info"
"provincia":"Huesca"-n-"codciclo":"HOT203","nombreciclo":"Servicios en Restauracion","grado":"GMedio"-n-"nombrecentro":"SAN LORENZO","mailcentro":"cpifpsanlorenzo@educa.aragon.es"
"provincia":"Huesca"-n-"codciclo":"HOT302","nombreciclo":"Gestion de Alojamientos Turisticos","grado":"GSuperior"-n-"nombrecentro":"SAN LORENZO","mailcentro":"cpifpsanlorenzo@educa.aragon.es"
"provincia":"Huesca"-n-"codciclo":"HOT303","nombreciclo":"Guia, Informacion y Asistencia Turisticas","grado":"GSuperior"-n-"nombrecentro":"SAN LORENZO","mailcentro":"cpifpsanlorenzo@educa.aragon.es"
"provincia":"Huesca"-n-"codciclo":"HOT304","nombreciclo":"Direccion de Servicios de Restauracion","grado":"GSuperior"-n-"nombrecentro":"SAN LORENZO","mailcentro":"cpifpsanlorenzo@educa.aragon.es"
"provincia":"Huesca"-n-"codciclo":"HOT305","nombreciclo":"Direccion de Cocina","grado":"GSuperior"-n-"nombrecentro":"SAN LORENZO","mailcentro":"cpifpsanlorenzo@educa.aragon.es"
"provincia":"Huesca"-n-"codciclo":"IFC201","nombreciclo":"Sistemas Microinformaticos y Redes","grado":"GMedio"-n-"nombrecentro":"JOSE MOR DE FUENTES","mailcentro":"iesmonzon@educa.aragon.es"
"provincia":"Huesca"-n-"codciclo":"IFC201","nombreciclo":"Sistemas Microinformaticos y Redes","grado":"GMedio"-n-"nombrecentro":"SAN ALBERTO MAGNO","mailcentro":"iesamsabinanigo@educa.aragon.es"
"provincia":"Huesca"-n-"codciclo":"IFC201","nombreciclo":"Sistemas Microinformaticos y Redes","grado":"GMedio"-n-"nombrecentro":"SIERRA DE GUARA","mailcentro":"iessguhuesca@educa.aragon.es"
"provincia":"Huesca"-n-"codciclo":"IFC301","nombreciclo":"Administracion de Sistemas Informaticos en Red","grado":"GSuperior"-n-"nombrecentro":"JOSE MOR DE FUENTES","mailcentro":"iesmonzon@educa.aragon.es"
"provincia":"Huesca"-n-"codciclo":"IFC301","nombreciclo":"Administracion de Sistemas Informaticos en Red","grado":"GSuperior"-n-"nombrecentro":"SIERRA DE GUARA","mailcentro":"iessguhuesca@educa.aragon.es"
"provincia":"Huesca"-n-"codciclo":"IFC302","nombreciclo":"Desarrollo de Aplicaciones Multiplataforma","grado":"GSuperior"-n-"nombrecentro":"SIERRA DE GUARA","mailcentro":"iessguhuesca@educa.aragon.es"
"provincia":"Huesca"-n-"codciclo":"IFC303","nombreciclo":"Desarrollo de Aplicaciones WEB","grado":"GSuperior"-n-"nombrecentro":"JOSE MOR DE FUENTES","mailcentro":"iesmonzon@educa.aragon.es"
"provincia":"Huesca"-n-"codciclo":"IMA201","nombreciclo":"Mantenimiento Electromecanico","grado":"GMedio"-n-"nombrecentro":"PIRAMIDE","mailcentro":"cpifppiramide@educa.aragon.es"
"provincia":"Huesca"-n-"codciclo":"IMA202","nombreciclo":"Instalaciones Frigorificas y de Climatizacion","grado":"GMedio"-n-"nombrecentro":"SIERRA DE SAN QUILEZ","mailcentro":"iesbinefar@educa.aragon.es"
"provincia":"Huesca"-n-"codciclo":"IMA203","nombreciclo":"Instalaciones de Produccion de Calor","grado":"GMedio"-n-"nombrecentro":"SIERRA DE SAN QUILEZ","mailcentro":"iesbinefar@educa.aragon.es"
"provincia":"Huesca"-n-"codciclo":"IMA301","nombreciclo":"Mantenimiento de Instalaciones Termicas y de Fluidos","grado":"GSuperior"-n-"nombrecentro":"PIRAMIDE","mailcentro":"cpifppiramide@educa.aragon.es"
"provincia":"Huesca"-n-"codciclo":"IMP203","nombreciclo":"Peluqueria y Cosmetica Capilar","grado":"GMedio"-n-"nombrecentro":"SIERRA DE SAN QUILEZ","mailcentro":"iesbinefar@educa.aragon.es"
"provincia":"Huesca"-n-"codciclo":"IMP303","nombreciclo":"Estilismo y direccion de peluqueria","grado":"GSuperior"-n-"nombrecentro":"SIERRA DE SAN QUILEZ","mailcentro":"iesbinefar@educa.aragon.es"
"provincia":"Huesca"-n-"codciclo":"IMS202","nombreciclo":"Video, disc-jockey y sonido","grado":"GMedio"-n-"nombrecentro":"RAMON Y CAJAL","mailcentro":"iesrychuesca@educa.aragon.es"
"provincia":"Huesca"-n-"codciclo":"IMS304","nombreciclo":"Sonido para Audiovisuales y espectaculos","grado":"GSuperior"-n-"nombrecentro":"RAMON Y CAJAL","mailcentro":"iesrychuesca@educa.aragon.es"
"provincia":"Huesca"-n-"codciclo":"INA201","nombreciclo":"Elaboracion de Productos Alimenticios","grado":"GMedio"-n-"nombrecentro":"MARTINEZ VARGAS","mailcentro":"iesmvbarbastro@educa.aragon.es"
"provincia":"Huesca"-n-"codciclo":"INA207","nombreciclo":"Panaderia, Reposteria y Confiteria","grado":"GMedio"-n-"nombrecentro":"SAN LORENZO","mailcentro":"cpifpsanlorenzo@educa.aragon.es"
"provincia":"Huesca"-n-"codciclo":"QUI201","nombreciclo":"Operaciones de Laboratorio","grado":"GMedio"-n-"nombrecentro":"PIRAMIDE","mailcentro":"cpifppiramide@educa.aragon.es"
"provincia":"Huesca"-n-"codciclo":"QUI204","nombreciclo":"Planta Quimica","grado":"GMedio"-n-"nombrecentro":"JOSE MOR DE FUENTES","mailcentro":"iesmonzon@educa.aragon.es"
"provincia":"Huesca"-n-"codciclo":"QUI301","nombreciclo":"Laboratorio de Analisis y de Control de Calidad","grado":"GSuperior"-n-"nombrecentro":"PIRAMIDE","mailcentro":"cpifppiramide@educa.aragon.es"
"provincia":"Huesca"-n-"codciclo":"SAN201","nombreciclo":"Cuidados Auxiliares de Enfermeria","grado":"GMedio"-n-"nombrecentro":"PIRINEOS","mailcentro":"iespijaca@educa.aragon.es"
"provincia":"Huesca"-n-"codciclo":"SAN201","nombreciclo":"Cuidados Auxiliares de Enfermeria","grado":"GMedio"-n-"nombrecentro":"SIERRA DE GUARA","mailcentro":"iessguhuesca@educa.aragon.es"
"provincia":"Huesca"-n-"codciclo":"SAN303","nombreciclo":"Tecnico Superior en Documentacion y Administracion Sanitarias","grado":"GSuperior"-n-"nombrecentro":"SIERRA DE GUARA","mailcentro":"iessguhuesca@educa.aragon.es"
"provincia":"Huesca"-n-"codciclo":"SAN304","nombreciclo":"Tecnico Superior en Higiene Bucodental","grado":"GSuperior"-n-"nombrecentro":"SIERRA DE GUARA","mailcentro":"iessguhuesca@educa.aragon.es"
"provincia":"Huesca"-n-"codciclo":"SEA301","nombreciclo":"Educacion y Control Ambiental","grado":"GSuperior"-n-"nombrecentro":"PIRINEOS","mailcentro":"iespijaca@educa.aragon.es"
"provincia":"Huesca"-n-"codciclo":"SSC201","nombreciclo":"Atencion a Personas en situacion de Dependencia","grado":"GMedio"-n-"nombrecentro":"MARTINEZ VARGAS","mailcentro":"iesmvbarbastro@educa.aragon.es"
"provincia":"Huesca"-n-"codciclo":"SSC201","nombreciclo":"Atencion a Personas en situacion de Dependencia","grado":"GMedio"-n-"nombrecentro":"MONTEARAGON","mailcentro":"cpifpmontearagon@educa.aragon.es"
"provincia":"Huesca"-n-"codciclo":"SSC301","nombreciclo":"Animacion sociocultural y turistica","grado":"GSuperior"-n-"nombrecentro":"SAN ALBERTO MAGNO","mailcentro":"iesamsabinanigo@educa.aragon.es"
"provincia":"Huesca"-n-"codciclo":"SSC302","nombreciclo":"Educacion Infantil (Formacion Profesional)","grado":"GSuperior"-n-"nombrecentro":"MARTINEZ VARGAS","mailcentro":"iesmvbarbastro@educa.aragon.es"
"provincia":"Huesca"-n-"codciclo":"SSC302","nombreciclo":"Educacion Infantil (Formacion Profesional)","grado":"GSuperior"-n-"nombrecentro":"MONTEARAGON","mailcentro":"cpifpmontearagon@educa.aragon.es"
"provincia":"Huesca"-n-"codciclo":"TMV201","nombreciclo":"Carroceria","grado":"GMedio"-n-"nombrecentro":"MARTINEZ VARGAS","mailcentro":"iesmvbarbastro@educa.aragon.es"
"provincia":"Huesca"-n-"codciclo":"TMV202","nombreciclo":"Electromecanica de Vehiculos Automoviles","grado":"GMedio"-n-"nombrecentro":"PIRINEOS","mailcentro":"iespijaca@educa.aragon.es"
"provincia":"Huesca"-n-"codciclo":"TMV202","nombreciclo":"Electromecanica de Vehiculos Automoviles","grado":"GMedio"-n-"nombrecentro":"SIERRA DE GUARA","mailcentro":"iessguhuesca@educa.aragon.es"
"provincia":"Huesca"-n-"codciclo":"TMV301","nombreciclo":"Automocion","grado":"GSuperior"-n-"nombrecentro":"MARTINEZ VARGAS","mailcentro":"iesmvbarbastro@educa.aragon.es"
"provincia":"Teruel"-n-"codciclo":"ADG201","nombreciclo":"Gestion Administrativa","grado":"GMedio"-n-"nombrecentro":"BAJO ARAGON","mailcentro":"cpifpbajoaragon@educa.aragon.es"
"provincia":"Teruel"-n-"codciclo":"ADG201","nombreciclo":"Gestion Administrativa","grado":"GMedio"-n-"nombrecentro":"FERNANDO LAZARO CARRETER","mailcentro":"iesutrillas@educa.aragon.es"
"provincia":"Teruel"-n-"codciclo":"ADG201","nombreciclo":"Gestion Administrativa","grado":"GMedio"-n-"nombrecentro":"PABLO SERRANO","mailcentro":"iesandorra@educa.aragon.es"
"provincia":"Teruel"-n-"codciclo":"ADG201","nombreciclo":"Gestion Administrativa","grado":"GMedio"-n-"nombrecentro":"SANTA EMERENCIANA","mailcentro":"iessemteruel@educa.aragon.es"
"provincia":"Teruel"-n-"codciclo":"ADG301","nombreciclo":"Administracion y Finanzas","grado":"GSuperior"-n-"nombrecentro":"FERNANDO LAZARO CARRETER","mailcentro":"iesutrillas@educa.aragon.es"
"provincia":"Teruel"-n-"codciclo":"ADG301","nombreciclo":"Administracion y Finanzas","grado":"GSuperior"-n-"nombrecentro":"PABLO SERRANO","mailcentro":"iesandorra@educa.aragon.es"
"provincia":"Teruel"-n-"codciclo":"ADG301","nombreciclo":"Administracion y Finanzas","grado":"GSuperior"-n-"nombrecentro":"SANTA EMERENCIANA","mailcentro":"iessemteruel@educa.aragon.es"
"provincia":"Teruel"-n-"codciclo":"ADG302","nombreciclo":"Asistencia a la direccion","grado":"GSuperior"-n-"nombrecentro":"BAJO ARAGON","mailcentro":"cpifpbajoaragon@educa.aragon.es"
"provincia":"Teruel"-n-"codciclo":"AFD201","nombreciclo":"Conduccion de Actividades Fisico-Deportivas en el Medio Natural","grado":"GMedio"-n-"nombrecentro":"DE SAN BLAS","mailcentro":"ifpeteruel@educa.aragon.es"
"provincia":"Teruel"-n-"codciclo":"AFD301","nombreciclo":"Animacion de Actividades Fisicas y Deportivas","grado":"GSuperior"-n-"nombrecentro":"FRANCES DE ARANDA","mailcentro":"iesfrateruel@educa.aragon.es"
"provincia":"Teruel"-n-"codciclo":"AFD301","nombreciclo":"Enseñanza y animacion sociodeportiva","grado":"GSuperior"-n-"nombrecentro":"FRANCES DE ARANDA","mailcentro":"iesfrateruel@educa.aragon.es"
"provincia":"Teruel"-n-"codciclo":"AFD302","nombreciclo":"Acondicionamiento fisico","grado":"GSuperior"-n-"nombrecentro":"FRANCES DE ARANDA","mailcentro":"iesfrateruel@educa.aragon.es"
"provincia":"Teruel"-n-"codciclo":"AGA201","nombreciclo":"Produccion Agropecuaria","grado":"GMedio"-n-"nombrecentro":"DE SAN BLAS","mailcentro":"ifpeteruel@educa.aragon.es"
"provincia":"Teruel"-n-"codciclo":"AGA205","nombreciclo":"Aprovechamiento y Conservacion del Medio Natural","grado":"GMedio"-n-"nombrecentro":"DE SAN BLAS","mailcentro":"ifpeteruel@educa.aragon.es"
"provincia":"Teruel"-n-"codciclo":"AGA302","nombreciclo":"Gestion Forestal y del Medio Natural","grado":"GSuperior"-n-"nombrecentro":"DE SAN BLAS","mailcentro":"ifpeteruel@educa.aragon.es"
"provincia":"Teruel"-n-"codciclo":"COM303","nombreciclo":"Transporte y Logistica","grado":"GSuperior"-n-"nombrecentro":"SANTA EMERENCIANA","mailcentro":"iessemteruel@educa.aragon.es"
"provincia":"Teruel"-n-"codciclo":"ELE202","nombreciclo":"Instalaciones Electricas y Automaticas","grado":"GMedio"-n-"nombrecentro":"BAJO ARAGON","mailcentro":"cpifpbajoaragon@educa.aragon.es"
"provincia":"Teruel"-n-"codciclo":"ELE202","nombreciclo":"Instalaciones Electricas y Automaticas","grado":"GMedio"-n-"nombrecentro":"PABLO SERRANO","mailcentro":"iesandorra@educa.aragon.es"
"provincia":"Teruel"-n-"codciclo":"ELE202","nombreciclo":"Instalaciones Electricas y Automaticas","grado":"GMedio"-n-"nombrecentro":"SEGUNDO DE CHOMON","mailcentro":"iesschteruel@educa.aragon.es"
"provincia":"Teruel"-n-"codciclo":"ELE302","nombreciclo":"Sistemas Electrotecnicos y Automatizados","grado":"GSuperior"-n-"nombrecentro":"BAJO ARAGON","mailcentro":"cpifpbajoaragon@educa.aragon.es"
"provincia":"Teruel"-n-"codciclo":"ELE303","nombreciclo":"Automatizacion y Robotica Industrial","grado":"GSuperior"-n-"nombrecentro":"PABLO SERRANO","mailcentro":"iesandorra@educa.aragon.es"
"provincia":"Teruel"-n-"codciclo":"ELE303","nombreciclo":"Automatizacion y Robotica Industrial","grado":"GSuperior"-n-"nombrecentro":"SEGUNDO DE CHOMON","mailcentro":"iesschteruel@educa.aragon.es"
"provincia":"Teruel"-n-"codciclo":"FPB101","nombreciclo":"Servicios Administrativos","grado":"FPBasica"-n-"nombrecentro":"BAJO ARAGON","mailcentro":"iesalcaniz@educa.aragon.es"
"provincia":"Teruel"-n-"codciclo":"FPB101","nombreciclo":"Servicios Administrativos","grado":"FPBasica"-n-"nombrecentro":"FERNANDO LAZARO CARRETER","mailcentro":"iesutrillas@educa.aragon.es"
"provincia":"Teruel"-n-"codciclo":"FPB101","nombreciclo":"Servicios Administrativos","grado":"FPBasica"-n-"nombrecentro":"PABLO SERRANO","mailcentro":"iesandorra@educa.aragon.es"
"provincia":"Teruel"-n-"codciclo":"FPB101","nombreciclo":"Servicios Administrativos","grado":"FPBasica"-n-"nombrecentro":"SANTA EMERENCIANA","mailcentro":"iessemteruel@educa.aragon.es"
"provincia":"Teruel"-n-"codciclo":"FPB102","nombreciclo":"Electricidad y Electronica","grado":"FPBasica"-n-"nombrecentro":"BAJO ARAGON","mailcentro":"iesalcaniz@educa.aragon.es"
"provincia":"Teruel"-n-"codciclo":"FPB102","nombreciclo":"Electricidad y Electronica","grado":"FPBasica"-n-"nombrecentro":"PABLO SERRANO","mailcentro":"iesandorra@educa.aragon.es"
"provincia":"Teruel"-n-"codciclo":"FPB102","nombreciclo":"Electricidad y Electronica","grado":"FPBasica"-n-"nombrecentro":"SEGUNDO DE CHOMON","mailcentro":"iesschteruel@educa.aragon.es"
"provincia":"Teruel"-n-"codciclo":"FPB103","nombreciclo":"Fabricacion y Montaje","grado":"FPBasica"-n-"nombrecentro":"SALVADOR VICTORIA","mailcentro":"iesmonreal@educa.aragon.es"
"provincia":"Teruel"-n-"codciclo":"FPB104","nombreciclo":"Informatica y Comunicaciones","grado":"FPBasica"-n-"nombrecentro":"VALLE DEL GUADALOPE","mailcentro":"iescalanda@educa.aragon.es"
"provincia":"Teruel"-n-"codciclo":"FPB104","nombreciclo":"Informatica y Comunicaciones","grado":"FPBasica"-n-"nombrecentro":"VEGA DEL TURIA","mailcentro":"iesvtteruel@educa.aragon.es"
"provincia":"Teruel"-n-"codciclo":"FPB105","nombreciclo":"Cocina y Restauracion","grado":"FPBasica"-n-"nombrecentro":"ESCUELA DE HOSTELERIA DE TERUEL","mailcentro":"esuhosteruel@educa.aragon.es"
"provincia":"Teruel"-n-"codciclo":"FPB105","nombreciclo":"Cocina y Restauracion","grado":"FPBasica"-n-"nombrecentro":"LOBETANO","mailcentro":"iesalbarracin@educa.aragon.es"
"provincia":"Teruel"-n-"codciclo":"FPB105","nombreciclo":"Cocina y Restauracion","grado":"FPBasica"-n-"nombrecentro":"MATARRAÑA","mailcentro":"iesvalderrobres@educa.aragon.es"
"provincia":"Teruel"-n-"codciclo":"FPB105","nombreciclo":"Cocina y Restauracion","grado":"FPBasica"-n-"nombrecentro":"PABLO SERRANO","mailcentro":"iesandorra@educa.aragon.es"
"provincia":"Teruel"-n-"codciclo":"FPB106","nombreciclo":"Mantenimiento de Vehiculos","grado":"FPBasica"-n-"nombrecentro":"BAJO ARAGON","mailcentro":"cpifpbajoaragon@educa.aragon.es"
"provincia":"Teruel"-n-"codciclo":"FPB106","nombreciclo":"Mantenimiento de Vehiculos","grado":"FPBasica"-n-"nombrecentro":"SEGUNDO DE CHOMON","mailcentro":"iesschteruel@educa.aragon.es"
"provincia":"Teruel"-n-"codciclo":"FPB108","nombreciclo":"Peluqueria y Estetica","grado":"FPBasica"-n-"nombrecentro":"SEGUNDO DE CHOMON","mailcentro":"iesschteruel@educa.aragon.es"
"provincia":"Teruel"-n-"codciclo":"FPB110","nombreciclo":"Carpinteria y Mueble","grado":"FPBasica"-n-"nombrecentro":"DAMIAN FORMENT","mailcentro":"iesalcorisate@educa.aragon.es"
"provincia":"Teruel"-n-"codciclo":"FPB110","nombreciclo":"Carpinteria y Mueble","grado":"FPBasica"-n-"nombrecentro":"FRANCES DE ARANDA","mailcentro":"iesfrateruel@educa.aragon.es"
"provincia":"Teruel"-n-"codciclo":"FPB116","nombreciclo":"Aprovechamientos Forestales","grado":"FPBasica"-n-"nombrecentro":"DE SAN BLAS","mailcentro":"ifpeteruel@educa.aragon.es"
"provincia":"Teruel"-n-"codciclo":"FPB119","nombreciclo":"Industrias Alimentarias","grado":"FPBasica"-n-"nombrecentro":"VALLE DEL JILOCA","mailcentro":"iescalamocha@educa.aragon.es"
"provincia":"Teruel"-n-"codciclo":"FPB125","nombreciclo":"Profesional basico en fabricacion de elementos metalicos","grado":"FPBasica"-n-"nombrecentro":"FERNANDO LAZARO CARRETER","mailcentro":"iesutrillas@educa.aragon.es"
"provincia":"Teruel"-n-"codciclo":"HOT201","nombreciclo":"Cocina y Gastronomia","grado":"GMedio"-n-"nombrecentro":"ESCUELA DE HOSTELERIA DE TERUEL","mailcentro":"esuhosteruel@educa.aragon.es"
"provincia":"Teruel"-n-"codciclo":"HOT201","nombreciclo":"Cocina y Gastronomia","grado":"GMedio"-n-"nombrecentro":"MATARRAÑA","mailcentro":"iesvalderrobres@educa.aragon.es"
"provincia":"Teruel"-n-"codciclo":"HOT201","nombreciclo":"Cocina y Gastronomia","grado":"GMedio"-n-"nombrecentro":"PABLO SERRANO","mailcentro":"iesandorra@educa.aragon.es"
"provincia":"Teruel"-n-"codciclo":"HOT203","nombreciclo":"Servicios en Restauracion","grado":"GMedio"-n-"nombrecentro":"ESCUELA DE HOSTELERIA DE TERUEL","mailcentro":"esuhosteruel@educa.aragon.es"
"provincia":"Teruel"-n-"codciclo":"HOT203","nombreciclo":"Servicios en Restauracion","grado":"GMedio"-n-"nombrecentro":"MATARRAÑA","mailcentro":"iesvalderrobres@educa.aragon.es"
"provincia":"Teruel"-n-"codciclo":"HOT303","nombreciclo":"Guia, Informacion y Asistencia Turisticas","grado":"GSuperior"-n-"nombrecentro":"ESCUELA DE HOSTELERIA DE TERUEL","mailcentro":"esuhosteruel@educa.aragon.es"
"provincia":"Teruel"-n-"codciclo":"HOT304","nombreciclo":"Direccion de Servicios de Restauracion","grado":"GSuperior"-n-"nombrecentro":"ESCUELA DE HOSTELERIA DE TERUEL","mailcentro":"esuhosteruel@educa.aragon.es"
"provincia":"Teruel"-n-"codciclo":"HOT305","nombreciclo":"Direccion de Cocina","grado":"GSuperior"-n-"nombrecentro":"ESCUELA DE HOSTELERIA DE TERUEL","mailcentro":"esuhosteruel@educa.aragon.es"
"provincia":"Teruel"-n-"codciclo":"IFC201","nombreciclo":"Sistemas Microinformaticos y Redes","grado":"GMedio"-n-"nombrecentro":"BAJO ARAGON","mailcentro":"cpifpbajoaragon@educa.aragon.es"
"provincia":"Teruel"-n-"codciclo":"IFC201","nombreciclo":"Sistemas Microinformaticos y Redes","grado":"GMedio"-n-"nombrecentro":"SEGUNDO DE CHOMON","mailcentro":"iesschteruel@educa.aragon.es"
"provincia":"Teruel"-n-"codciclo":"IFC301","nombreciclo":"Administracion de Sistemas Informaticos en Red","grado":"GSuperior"-n-"nombrecentro":"SEGUNDO DE CHOMON","mailcentro":"iesschteruel@educa.aragon.es"
"provincia":"Teruel"-n-"codciclo":"IFC302","nombreciclo":"Desarrollo de Aplicaciones Multiplataforma","grado":"GSuperior"-n-"nombrecentro":"BAJO ARAGON","mailcentro":"cpifpbajoaragon@educa.aragon.es"
"provincia":"Teruel"-n-"codciclo":"IFC302","nombreciclo":"Desarrollo de Aplicaciones Multiplataforma","grado":"GSuperior"-n-"nombrecentro":"SEGUNDO DE CHOMON","mailcentro":"iesschteruel@educa.aragon.es"
"provincia":"Teruel"-n-"codciclo":"IFC303","nombreciclo":"Desarrollo de Aplicaciones WEB","grado":"GSuperior"-n-"nombrecentro":"BAJO ARAGON","mailcentro":"cpifpbajoaragon@educa.aragon.es"
"provincia":"Teruel"-n-"codciclo":"IMA201","nombreciclo":"Mantenimiento Electromecanico","grado":"GMedio"-n-"nombrecentro":"FERNANDO LAZARO CARRETER","mailcentro":"iesutrillas@educa.aragon.es"
"provincia":"Teruel"-n-"codciclo":"IMA202","nombreciclo":"Instalaciones Frigorificas y de Climatizacion","grado":"GMedio"-n-"nombrecentro":"SALVADOR VICTORIA","mailcentro":"iesmonreal@educa.aragon.es"
"provincia":"Teruel"-n-"codciclo":"IMA203","nombreciclo":"Instalaciones de Produccion de Calor","grado":"GMedio"-n-"nombrecentro":"SALVADOR VICTORIA","mailcentro":"iesmonreal@educa.aragon.es"
"provincia":"Teruel"-n-"codciclo":"IMA302","nombreciclo":"Mecatronica Industrial","grado":"GSuperior"-n-"nombrecentro":"FERNANDO LAZARO CARRETER","mailcentro":"iesutrillas@educa.aragon.es"
"provincia":"Teruel"-n-"codciclo":"IMP203","nombreciclo":"Peluqueria y Cosmetica Capilar","grado":"GMedio"-n-"nombrecentro":"SEGUNDO DE CHOMON","mailcentro":"iesschteruel@educa.aragon.es"
"provincia":"Teruel"-n-"codciclo":"INA207","nombreciclo":"Panaderia, Reposteria y Confiteria","grado":"GMedio"-n-"nombrecentro":"ESCUELA DE HOSTELERIA DE TERUEL","mailcentro":"esuhosteruel@educa.aragon.es"
"provincia":"Teruel"-n-"codciclo":"MAM201","nombreciclo":"Instalacion y Amueblamiento","grado":"GMedio"-n-"nombrecentro":"FRANCES DE ARANDA","mailcentro":"iesfrateruel@educa.aragon.es"
"provincia":"Teruel"-n-"codciclo":"MAM202","nombreciclo":"Tecnico en Carpinteria y Mueble","grado":"GMedio"-n-"nombrecentro":"FRANCES DE ARANDA","mailcentro":"iesfrateruel@educa.aragon.es"
"provincia":"Teruel"-n-"codciclo":"MVA302","nombreciclo":"Mantenimiento Aeromecanico","grado":"GSuperior"-n-"nombrecentro":"SEGUNDO DE CHOMON","mailcentro":"iesschteruel@educa.aragon.es"
"provincia":"Teruel"-n-"codciclo":"SAN201","nombreciclo":"Cuidados Auxiliares de Enfermeria","grado":"GMedio"-n-"nombrecentro":"BAJO ARAGON","mailcentro":"cpifpbajoaragon@educa.aragon.es"
"provincia":"Teruel"-n-"codciclo":"SAN201","nombreciclo":"Cuidados Auxiliares de Enfermeria","grado":"GMedio"-n-"nombrecentro":"VEGA DEL TURIA","mailcentro":"iesvtteruel@educa.aragon.es"
"provincia":"Teruel"-n-"codciclo":"SAN202","nombreciclo":"Farmacia y Parafarmacia","grado":"GMedio"-n-"nombrecentro":"VEGA DEL TURIA","mailcentro":"iesvtteruel@educa.aragon.es"
"provincia":"Teruel"-n-"codciclo":"SAN203","nombreciclo":"Emergencias Sanitarias","grado":"GMedio"-n-"nombrecentro":"VEGA DEL TURIA","mailcentro":"iesvtteruel@educa.aragon.es"
"provincia":"Teruel"-n-"codciclo":"SAN304","nombreciclo":"Tecnico Superior en Higiene Bucodental","grado":"GSuperior"-n-"nombrecentro":"VEGA DEL TURIA","mailcentro":"iesvtteruel@educa.aragon.es"
"provincia":"Teruel"-n-"codciclo":"SAN306","nombreciclo":"Tecnico Superior en Laboratorio Clinico y Biomedico","grado":"GSuperior"-n-"nombrecentro":"VEGA DEL TURIA","mailcentro":"iesvtteruel@educa.aragon.es"
"provincia":"Teruel"-n-"codciclo":"SEA201","nombreciclo":"Emergencias y proteccion civil","grado":"GMedio"-n-"nombrecentro":"FRANCES DE ARANDA","mailcentro":"iesfrateruel@educa.aragon.es"
"provincia":"Teruel"-n-"codciclo":"SEA302","nombreciclo":"Coordinacion de Emergencias y Proteccion Civil","grado":"GSuperior"-n-"nombrecentro":"FRANCES DE ARANDA","mailcentro":"iesfrateruel@educa.aragon.es"
"provincia":"Teruel"-n-"codciclo":"SSC201","nombreciclo":"Atencion a Personas en situacion de Dependencia","grado":"GMedio"-n-"nombrecentro":"DAMIAN FORMENT","mailcentro":"iesalcorisate@educa.aragon.es"
"provincia":"Teruel"-n-"codciclo":"SSC201","nombreciclo":"Atencion a Personas en situacion de Dependencia","grado":"GMedio"-n-"nombrecentro":"SANTA EMERENCIANA","mailcentro":"iessemteruel@educa.aragon.es"
"provincia":"Teruel"-n-"codciclo":"SSC302","nombreciclo":"Educacion Infantil (Formacion Profesional)","grado":"GSuperior"-n-"nombrecentro":"SANTA EMERENCIANA","mailcentro":"iessemteruel@educa.aragon.es"
"provincia":"Teruel"-n-"codciclo":"SSC303","nombreciclo":"Integracion social","grado":"GSuperior"-n-"nombrecentro":"SANTA EMERENCIANA","mailcentro":"iessemteruel@educa.aragon.es"
"provincia":"Teruel"-n-"codciclo":"SSC304","nombreciclo":"Tecnico Superior en Mediacion Comunicativa","grado":"GSuperior"-n-"nombrecentro":"SANTA EMERENCIANA","mailcentro":"iessemteruel@educa.aragon.es"
"provincia":"Teruel"-n-"codciclo":"TMV202","nombreciclo":"Electromecanica de Vehiculos Automoviles","grado":"GMedio"-n-"nombrecentro":"BAJO ARAGON","mailcentro":"cpifpbajoaragon@educa.aragon.es"
"provincia":"Teruel"-n-"codciclo":"TMV202","nombreciclo":"Electromecanica de Vehiculos Automoviles","grado":"GMedio"-n-"nombrecentro":"SEGUNDO DE CHOMON","mailcentro":"iesschteruel@educa.aragon.es"
"provincia":"Teruel"-n-"codciclo":"TMV204","nombreciclo":"Tecnico de Electromecanica de Maquinaria","grado":"GMedio"-n-"nombrecentro":"SEGUNDO DE CHOMON","mailcentro":"iesschteruel@educa.aragon.es"
"provincia":"Teruel"-n-"codciclo":"TMV301","nombreciclo":"Automocion","grado":"GSuperior"-n-"nombrecentro":"BAJO ARAGON","mailcentro":"cpifpbajoaragon@educa.aragon.es"
"provincia":"Teruel"-n-"codciclo":"TMV301","nombreciclo":"Automocion","grado":"GSuperior"-n-"nombrecentro":"SEGUNDO DE CHOMON","mailcentro":"iesschteruel@educa.aragon.es"
"provincia":"Zaragoza"-n-"codciclo":"ADG201","nombreciclo":"Gestion Administrativa","grado":"GMedio"-n-"nombrecentro":"ACADEMIA MARCO","mailcentro":"info@academiamarco.com"
"provincia":"Zaragoza"-n-"codciclo":"ADG201","nombreciclo":"Gestion Administrativa","grado":"GMedio"-n-"nombrecentro":"ALAON","mailcentro":"centroalaun@alaun.es"
"provincia":"Zaragoza"-n-"codciclo":"ADG201","nombreciclo":"Gestion Administrativa","grado":"GMedio"-n-"nombrecentro":"ANDALAN","mailcentro":"iesandzaragoza@educa.aragon.es"
"provincia":"Zaragoza"-n-"codciclo":"ADG201","nombreciclo":"Gestion Administrativa","grado":"GMedio"-n-"nombrecentro":"BENJAMIN JARNES","mailcentro":"iesfuentes@educa.aragon.es"
"provincia":"Zaragoza"-n-"codciclo":"ADG201","nombreciclo":"Gestion Administrativa","grado":"GMedio"-n-"nombrecentro":"CABAÑAS","mailcentro":"iesalmunia@educa.aragon.es"
"provincia":"Zaragoza"-n-"codciclo":"ADG201","nombreciclo":"Gestion Administrativa","grado":"GMedio"-n-"nombrecentro":"CEFOR IZQUIERDO","mailcentro":"ciclos@izquierdofp.es"
"provincia":"Zaragoza"-n-"codciclo":"ADG201","nombreciclo":"Gestion Administrativa","grado":"GMedio"-n-"nombrecentro":"CINCO VILLAS","mailcentro":"iescvejea@educa.aragon.es"
"provincia":"Zaragoza"-n-"codciclo":"ADG201","nombreciclo":"Gestion Administrativa","grado":"GMedio"-n-"nombrecentro":"CONDES DE ARAGON","mailcentro":"condesfp@condesfp.jazztel.es"
"provincia":"Zaragoza"-n-"codciclo":"ADG201","nombreciclo":"Gestion Administrativa","grado":"GMedio"-n-"nombrecentro":"CORONA DE ARAGON","mailcentro":"cpifpcorona@educa.aragon.es"
"provincia":"Zaragoza"-n-"codciclo":"ADG201","nombreciclo":"Gestion Administrativa","grado":"GMedio"-n-"nombrecentro":"EL BUEN PASTOR","mailcentro":"secretaria@elbuenpastorzaragoza.net"
"provincia":"Zaragoza"-n-"codciclo":"ADG201","nombreciclo":"Gestion Administrativa","grado":"GMedio"-n-"nombrecentro":"EMILIO JIMENO","mailcentro":"iesejcalatayud@educa.aragon.es"
"provincia":"Zaragoza"-n-"codciclo":"ADG201","nombreciclo":"Gestion Administrativa","grado":"GMedio"-n-"nombrecentro":"GALLICUM","mailcentro":"ieszuera@educa.aragon.es"
"provincia":"Zaragoza"-n-"codciclo":"ADG201","nombreciclo":"Gestion Administrativa","grado":"GMedio"-n-"nombrecentro":"ITACA","mailcentro":"iesitazaragoza@educa.aragon.es"
"provincia":"Zaragoza"-n-"codciclo":"ADG201","nombreciclo":"Gestion Administrativa","grado":"GMedio"-n-"nombrecentro":"MAR DE ARAGON","mailcentro":"iescaspe@educa.aragon.es"
"provincia":"Zaragoza"-n-"codciclo":"ADG201","nombreciclo":"Gestion Administrativa","grado":"GMedio"-n-"nombrecentro":"MARIA AUXILIADORA","mailcentro":"titularzaragoza@salesianas.org"
"provincia":"Zaragoza"-n-"codciclo":"ADG201","nombreciclo":"Gestion Administrativa","grado":"GMedio"-n-"nombrecentro":"MIGUEL CATALAN","mailcentro":"iesmcazaragoza@educa.aragon.es"
"provincia":"Zaragoza"-n-"codciclo":"ADG201","nombreciclo":"Gestion Administrativa","grado":"GMedio"-n-"nombrecentro":"OBRA DIOCESANA SANTO DOMINGO DE SILOS","mailcentro":"odsds@planalfa.es"
"provincia":"Zaragoza"-n-"codciclo":"ADG201","nombreciclo":"Gestion Administrativa","grado":"GMedio"-n-"nombrecentro":"PABLO SERRANO","mailcentro":"iespsezaragoza@educa.aragon.es"
"provincia":"Zaragoza"-n-"codciclo":"ADG201","nombreciclo":"Gestion Administrativa","grado":"GMedio"-n-"nombrecentro":"PEDRO CERRADA","mailcentro":"iesutebo@educa.aragon.es"
"provincia":"Zaragoza"-n-"codciclo":"ADG201","nombreciclo":"Gestion Administrativa","grado":"GMedio"-n-"nombrecentro":"PLUS ULTRA","mailcentro":"centro@plusultraformacion.com"
"provincia":"Zaragoza"-n-"codciclo":"ADG201","nombreciclo":"Gestion Administrativa","grado":"GMedio"-n-"nombrecentro":"RODANAS","mailcentro":"iesepila@educa.aragon.es"
"provincia":"Zaragoza"-n-"codciclo":"ADG201","nombreciclo":"Gestion Administrativa","grado":"GMedio"-n-"nombrecentro":"SAN VALERO","mailcentro":"infoces@svalero.es"
"provincia":"Zaragoza"-n-"codciclo":"ADG201","nombreciclo":"Gestion Administrativa","grado":"GMedio"-n-"nombrecentro":"SAN VICENTE DE PAOL","mailcentro":"svpaulz@planalfa.es"
"provincia":"Zaragoza"-n-"codciclo":"ADG201","nombreciclo":"Gestion Administrativa","grado":"GMedio"-n-"nombrecentro":"SANTIAGO HERNANDEZ","mailcentro":"iesshezaragoza@educa.aragon.es"
"provincia":"Zaragoza"-n-"codciclo":"ADG201","nombreciclo":"Gestion Administrativa","grado":"GMedio"-n-"nombrecentro":"SIGLO XXI","mailcentro":"iespedrola@educa.aragon.es"
"provincia":"Zaragoza"-n-"codciclo":"ADG201","nombreciclo":"Gestion Administrativa","grado":"GMedio"-n-"nombrecentro":"TIEMPOS MODERNOS","mailcentro":"iestiemposmodernos@educa.aragon.es"
"provincia":"Zaragoza"-n-"codciclo":"ADG201","nombreciclo":"Gestion Administrativa","grado":"GMedio"-n-"nombrecentro":"TUBALCAIN","mailcentro":"iestarazona@educa.aragon.es"
"provincia":"Zaragoza"-n-"codciclo":"ADG301","nombreciclo":"Administracion y Finanzas","grado":"GSuperior"-n-"nombrecentro":"ANDALAN","mailcentro":"iesandzaragoza@educa.aragon.es"
"provincia":"Zaragoza"-n-"codciclo":"ADG301","nombreciclo":"Administracion y Finanzas","grado":"GSuperior"-n-"nombrecentro":"CABAÑAS","mailcentro":"iesalmunia@educa.aragon.es"
"provincia":"Zaragoza"-n-"codciclo":"ADG301","nombreciclo":"Administracion y Finanzas","grado":"GSuperior"-n-"nombrecentro":"CEFOR IZQUIERDO","mailcentro":"ciclos@izquierdofp.es"
"provincia":"Zaragoza"-n-"codciclo":"ADG301","nombreciclo":"Administracion y Finanzas","grado":"GSuperior"-n-"nombrecentro":"CINCO VILLAS","mailcentro":"iescvejea@educa.aragon.es"
"provincia":"Zaragoza"-n-"codciclo":"ADG301","nombreciclo":"Administracion y Finanzas","grado":"GSuperior"-n-"nombrecentro":"COLEGIO MONTESSORI","mailcentro":"administracion@colegiomontessori.com"
"provincia":"Zaragoza"-n-"codciclo":"ADG301","nombreciclo":"Administracion y Finanzas","grado":"GSuperior"-n-"nombrecentro":"CORONA DE ARAGON","mailcentro":"cpifpcorona@educa.aragon.es"
"provincia":"Zaragoza"-n-"codciclo":"ADG301","nombreciclo":"Administracion y Finanzas","grado":"GSuperior"-n-"nombrecentro":"EL BUEN PASTOR","mailcentro":"secretaria@elbuenpastorzaragoza.net"
"provincia":"Zaragoza"-n-"codciclo":"ADG301","nombreciclo":"Administracion y Finanzas","grado":"GSuperior"-n-"nombrecentro":"EMILIO JIMENO","mailcentro":"iesejcalatayud@educa.aragon.es"
"provincia":"Zaragoza"-n-"codciclo":"ADG301","nombreciclo":"Administracion y Finanzas","grado":"GSuperior"-n-"nombrecentro":"GALLICUM","mailcentro":"ieszuera@educa.aragon.es"
"provincia":"Zaragoza"-n-"codciclo":"ADG301","nombreciclo":"Administracion y Finanzas","grado":"GSuperior"-n-"nombrecentro":"ITACA","mailcentro":"iesitazaragoza@educa.aragon.es"
"provincia":"Zaragoza"-n-"codciclo":"ADG301","nombreciclo":"Administracion y Finanzas","grado":"GSuperior"-n-"nombrecentro":"MAR DE ARAGON","mailcentro":"iescaspe@educa.aragon.es"
"provincia":"Zaragoza"-n-"codciclo":"ADG301","nombreciclo":"Administracion y Finanzas","grado":"GSuperior"-n-"nombrecentro":"MARIA AUXILIADORA","mailcentro":"titularzaragoza@salesianas.org"
"provincia":"Zaragoza"-n-"codciclo":"ADG301","nombreciclo":"Administracion y Finanzas","grado":"GSuperior"-n-"nombrecentro":"MIGUEL CATALAN","mailcentro":"iesmcazaragoza@educa.aragon.es"
"provincia":"Zaragoza"-n-"codciclo":"ADG301","nombreciclo":"Administracion y Finanzas","grado":"GSuperior"-n-"nombrecentro":"OBRA DIOCESANA SANTO DOMINGO DE SILOS","mailcentro":"odsds@planalfa.es"
"provincia":"Zaragoza"-n-"codciclo":"ADG301","nombreciclo":"Administracion y Finanzas","grado":"GSuperior"-n-"nombrecentro":"PABLO SERRANO","mailcentro":"iespsezaragoza@educa.aragon.es"
"provincia":"Zaragoza"-n-"codciclo":"ADG301","nombreciclo":"Administracion y Finanzas","grado":"GSuperior"-n-"nombrecentro":"PEDRO CERRADA","mailcentro":"iesutebo@educa.aragon.es"
"provincia":"Zaragoza"-n-"codciclo":"ADG301","nombreciclo":"Administracion y Finanzas","grado":"GSuperior"-n-"nombrecentro":"RODANAS","mailcentro":"iesepila@educa.aragon.es"
"provincia":"Zaragoza"-n-"codciclo":"ADG301","nombreciclo":"Administracion y Finanzas","grado":"GSuperior"-n-"nombrecentro":"SAN VALERO","mailcentro":"infoces@svalero.es"
"provincia":"Zaragoza"-n-"codciclo":"ADG301","nombreciclo":"Administracion y Finanzas","grado":"GSuperior"-n-"nombrecentro":"SANTIAGO HERNANDEZ","mailcentro":"iesshezaragoza@educa.aragon.es"
"provincia":"Zaragoza"-n-"codciclo":"ADG301","nombreciclo":"Administracion y Finanzas","grado":"GSuperior"-n-"nombrecentro":"TIEMPOS MODERNOS","mailcentro":"iestiemposmodernos@educa.aragon.es"
"provincia":"Zaragoza"-n-"codciclo":"ADG301","nombreciclo":"Administracion y Finanzas","grado":"GSuperior"-n-"nombrecentro":"TUBALCAIN","mailcentro":"iestarazona@educa.aragon.es"
"provincia":"Zaragoza"-n-"codciclo":"ADG302","nombreciclo":"Asistencia a la direccion","grado":"GSuperior"-n-"nombrecentro":"CORONA DE ARAGON","mailcentro":"cpifpcorona@educa.aragon.es"
"provincia":"Zaragoza"-n-"codciclo":"AFD201","nombreciclo":"Conduccion de Actividades Fisico-Deportivas en el Medio Natural","grado":"GMedio"-n-"nombrecentro":"ITACA","mailcentro":"iesitazaragoza@educa.aragon.es"
"provincia":"Zaragoza"-n-"codciclo":"AFD201","nombreciclo":"Conduccion de Actividades Fisico-Deportivas en el Medio Natural","grado":"GMedio"-n-"nombrecentro":"MAR DE ARAGON","mailcentro":"iescaspe@educa.aragon.es"
"provincia":"Zaragoza"-n-"codciclo":"AFD301","nombreciclo":"Animacion de Actividades Fisicas y Deportivas","grado":"GSuperior"-n-"nombrecentro":"ITACA","mailcentro":"iesitazaragoza@educa.aragon.es"
"provincia":"Zaragoza"-n-"codciclo":"AFD301","nombreciclo":"Animacion de Actividades Fisicas y Deportivas","grado":"GSuperior"-n-"nombrecentro":"OBRA DIOCESANA SANTO DOMINGO DE SILOS","mailcentro":"odsds@planalfa.es"
"provincia":"Zaragoza"-n-"codciclo":"AFD301","nombreciclo":"Animacion de Actividades Fisicas y Deportivas","grado":"GSuperior"-n-"nombrecentro":"REYES CATOLICOS","mailcentro":"iesrcejea@educa.aragon.es"
"provincia":"Zaragoza"-n-"codciclo":"AFD301","nombreciclo":"Enseñanza y animacion sociodeportiva","grado":"GSuperior"-n-"nombrecentro":"ITACA","mailcentro":"iesitazaragoza@educa.aragon.es"
"provincia":"Zaragoza"-n-"codciclo":"AFD301","nombreciclo":"Enseñanza y animacion sociodeportiva","grado":"GSuperior"-n-"nombrecentro":"OBRA DIOCESANA SANTO DOMINGO DE SILOS","mailcentro":"odsds@planalfa.es"
"provincia":"Zaragoza"-n-"codciclo":"AFD301","nombreciclo":"Enseñanza y animacion sociodeportiva","grado":"GSuperior"-n-"nombrecentro":"REYES CATOLICOS","mailcentro":"iesrcejea@educa.aragon.es"
"provincia":"Zaragoza"-n-"codciclo":"AFD302","nombreciclo":"Acondicionamiento fisico","grado":"GSuperior"-n-"nombrecentro":"ITACA","mailcentro":"iesitazaragoza@educa.aragon.es"
"provincia":"Zaragoza"-n-"codciclo":"AGA201","nombreciclo":"Produccion Agropecuaria","grado":"GMedio"-n-"nombrecentro":"DE MOVERA","mailcentro":"cpifpmovera@educa.aragon.es"
"provincia":"Zaragoza"-n-"codciclo":"AGA201","nombreciclo":"Produccion Agropecuaria","grado":"GMedio"-n-"nombrecentro":"E.F.A. EL SALTO","mailcentro":"elsalto@efasdearagon.org"
"provincia":"Zaragoza"-n-"codciclo":"AGA201","nombreciclo":"Produccion Agropecuaria","grado":"GMedio"-n-"nombrecentro":"REYES CATOLICOS","mailcentro":"iesrcejea@educa.aragon.es"
"provincia":"Zaragoza"-n-"codciclo":"AGA204","nombreciclo":"Jardineria y Floristeria","grado":"GMedio"-n-"nombrecentro":"DE MOVERA","mailcentro":"cpifpmovera@educa.aragon.es"
"provincia":"Zaragoza"-n-"codciclo":"AGA205","nombreciclo":"Aprovechamiento y Conservacion del Medio Natural","grado":"GMedio"-n-"nombrecentro":"DE MOVERA","mailcentro":"cpifpmovera@educa.aragon.es"
"provincia":"Zaragoza"-n-"codciclo":"AGA205","nombreciclo":"Aprovechamiento y Conservacion del Medio Natural","grado":"GMedio"-n-"nombrecentro":"E.F.A. BOALARES","mailcentro":"boalares@efasdearagon.es"
"provincia":"Zaragoza"-n-"codciclo":"AGA205","nombreciclo":"Aprovechamiento y Conservacion del Medio Natural","grado":"GMedio"-n-"nombrecentro":"SAN GABRIEL","mailcentro":"direccion@sangabriel.es"
"provincia":"Zaragoza"-n-"codciclo":"AGA205","nombreciclo":"Aprovechamiento y Conservacion del Medio Natural","grado":"GMedio"-n-"nombrecentro":"SIERRA DE LA VIRGEN","mailcentro":"iesillueca@educa.aragon.es"
"provincia":"Zaragoza"-n-"codciclo":"AGA302","nombreciclo":"Gestion Forestal y del Medio Natural","grado":"GSuperior"-n-"nombrecentro":"DE MOVERA","mailcentro":"cpifpmovera@educa.aragon.es"
"provincia":"Zaragoza"-n-"codciclo":"AGA302","nombreciclo":"Gestion Forestal y del Medio Natural","grado":"GSuperior"-n-"nombrecentro":"E.F.A. BOALARES","mailcentro":"boalares@efasdearagon.es"
"provincia":"Zaragoza"-n-"codciclo":"AGA303","nombreciclo":"Paisajismo y medio rural","grado":"GSuperior"-n-"nombrecentro":"DE MOVERA","mailcentro":"cpifpmovera@educa.aragon.es"
"provincia":"Zaragoza"-n-"codciclo":"ARG202","nombreciclo":"Impresion Grafica","grado":"GMedio"-n-"nombrecentro":"PILAR LORENGAR","mailcentro":"iesplozaragoza@educa.aragon.es"
"provincia":"Zaragoza"-n-"codciclo":"ARG203","nombreciclo":"Preimpresion Digital","grado":"GMedio"-n-"nombrecentro":"PILAR LORENGAR","mailcentro":"iesplozaragoza@educa.aragon.es"
"provincia":"Zaragoza"-n-"codciclo":"ARG301","nombreciclo":"Diseño y edicion de publicaciones impresas y multimedia","grado":"GSuperior"-n-"nombrecentro":"PILAR LORENGAR","mailcentro":"iesplozaragoza@educa.aragon.es"
"provincia":"Zaragoza"-n-"codciclo":"COM201","nombreciclo":"Actividades Comerciales","grado":"GMedio"-n-"nombrecentro":"JOSE MANUEL BLECUA","mailcentro":"iesjmbzaragoza@educa.aragon.es"
"provincia":"Zaragoza"-n-"codciclo":"COM201","nombreciclo":"Actividades Comerciales","grado":"GMedio"-n-"nombrecentro":"LOS ENLACES","mailcentro":"cpilosenlaces@educa.aragon.es"
"provincia":"Zaragoza"-n-"codciclo":"COM201","nombreciclo":"Actividades Comerciales","grado":"GMedio"-n-"nombrecentro":"OBRA DIOCESANA SANTO DOMINGO DE SILOS","mailcentro":"odsds@planalfa.es"
"provincia":"Zaragoza"-n-"codciclo":"COM301","nombreciclo":"Comercio Internacional","grado":"GSuperior"-n-"nombrecentro":"ACADEMIA MARCO","mailcentro":"info@academiamarco.com"
"provincia":"Zaragoza"-n-"codciclo":"COM301","nombreciclo":"Comercio Internacional","grado":"GSuperior"-n-"nombrecentro":"LOS ENLACES","mailcentro":"cpilosenlaces@educa.aragon.es"
"provincia":"Zaragoza"-n-"codciclo":"COM302","nombreciclo":"Gestion de ventas y espacios comerciales","grado":"GSuperior"-n-"nombrecentro":"LOS ENLACES","mailcentro":"cpilosenlaces@educa.aragon.es"
"provincia":"Zaragoza"-n-"codciclo":"COM303","nombreciclo":"Transporte y Logistica","grado":"GSuperior"-n-"nombrecentro":"LOS ENLACES","mailcentro":"cpilosenlaces@educa.aragon.es"
"provincia":"Zaragoza"-n-"codciclo":"COM304","nombreciclo":"Marketing y publicidad","grado":"GSuperior"-n-"nombrecentro":"ACADEMIA MARCO","mailcentro":"info@academiamarco.com"
"provincia":"Zaragoza"-n-"codciclo":"COM304","nombreciclo":"Marketing y publicidad","grado":"GSuperior"-n-"nombrecentro":"CEFOR IZQUIERDO","mailcentro":"ciclos@izquierdofp.es"
"provincia":"Zaragoza"-n-"codciclo":"COM304","nombreciclo":"Marketing y publicidad","grado":"GSuperior"-n-"nombrecentro":"COLEGIO MONTESSORI","mailcentro":"administracion@colegiomontessori.com"
"provincia":"Zaragoza"-n-"codciclo":"COM304","nombreciclo":"Marketing y publicidad","grado":"GSuperior"-n-"nombrecentro":"LOS ENLACES","mailcentro":"cpilosenlaces@educa.aragon.es"
"provincia":"Zaragoza"-n-"codciclo":"ELE202","nombreciclo":"Instalaciones Electricas y Automaticas","grado":"GMedio"-n-"nombrecentro":"ACADEMIA MARCO","mailcentro":"info@academiamarco.com"
"provincia":"Zaragoza"-n-"codciclo":"ELE202","nombreciclo":"Instalaciones Electricas y Automaticas","grado":"GMedio"-n-"nombrecentro":"BENJAMIN JARNES","mailcentro":"iesfuentes@educa.aragon.es"
"provincia":"Zaragoza"-n-"codciclo":"ELE202","nombreciclo":"Instalaciones Electricas y Automaticas","grado":"GMedio"-n-"nombrecentro":"CONDES DE ARAGON","mailcentro":"condesfp@condesfp.jazztel.es"
"provincia":"Zaragoza"-n-"codciclo":"ELE202","nombreciclo":"Instalaciones Electricas y Automaticas","grado":"GMedio"-n-"nombrecentro":"CORONA DE ARAGON","mailcentro":"cpifpcorona@educa.aragon.es"
"provincia":"Zaragoza"-n-"codciclo":"ELE202","nombreciclo":"Instalaciones Electricas y Automaticas","grado":"GMedio"-n-"nombrecentro":"EMILIO JIMENO","mailcentro":"iesejcalatayud@educa.aragon.es"
"provincia":"Zaragoza"-n-"codciclo":"ELE202","nombreciclo":"Instalaciones Electricas y Automaticas","grado":"GMedio"-n-"nombrecentro":"GALLICUM","mailcentro":"ieszuera@educa.aragon.es"
"provincia":"Zaragoza"-n-"codciclo":"ELE202","nombreciclo":"Instalaciones Electricas y Automaticas","grado":"GMedio"-n-"nombrecentro":"JOSE MANUEL BLECUA","mailcentro":"iesjmbzaragoza@educa.aragon.es"
"provincia":"Zaragoza"-n-"codciclo":"ELE202","nombreciclo":"Instalaciones Electricas y Automaticas","grado":"GMedio"-n-"nombrecentro":"LA SALLE-SANTO ANGEL","mailcentro":"admisaz@lasalle.es"
"provincia":"Zaragoza"-n-"codciclo":"ELE202","nombreciclo":"Instalaciones Electricas y Automaticas","grado":"GMedio"-n-"nombrecentro":"OBRA DIOCESANA SANTO DOMINGO DE SILOS","mailcentro":"odsds@planalfa.es"
"provincia":"Zaragoza"-n-"codciclo":"ELE202","nombreciclo":"Instalaciones Electricas y Automaticas","grado":"GMedio"-n-"nombrecentro":"RIO GALLEGO","mailcentro":"iesrgazaragoza@educa.aragon.es"
"provincia":"Zaragoza"-n-"codciclo":"ELE202","nombreciclo":"Instalaciones Electricas y Automaticas","grado":"GMedio"-n-"nombrecentro":"SALESIANO NTRA. SRA.DEL PILAR","mailcentro":"secretaria.zaragoza@salesianos.edu"
"provincia":"Zaragoza"-n-"codciclo":"ELE202","nombreciclo":"Instalaciones Electricas y Automaticas","grado":"GMedio"-n-"nombrecentro":"SALESIANOS LAVIAGA-CASTILLO","mailcentro":"secretaria.laalmunia@salesianos.edu"
"provincia":"Zaragoza"-n-"codciclo":"ELE203","nombreciclo":"Instalaciones de Telecomunicaciones","grado":"GMedio"-n-"nombrecentro":"ACADEMIA MARCO","mailcentro":"info@academiamarco.com"
"provincia":"Zaragoza"-n-"codciclo":"ELE203","nombreciclo":"Instalaciones de Telecomunicaciones","grado":"GMedio"-n-"nombrecentro":"ANDALAN","mailcentro":"iesandzaragoza@educa.aragon.es"
"provincia":"Zaragoza"-n-"codciclo":"ELE203","nombreciclo":"Instalaciones de Telecomunicaciones","grado":"GMedio"-n-"nombrecentro":"MIRALBUENO","mailcentro":"iesmirzaragoza@educa.aragon.es"
"provincia":"Zaragoza"-n-"codciclo":"ELE203","nombreciclo":"Instalaciones de Telecomunicaciones","grado":"GMedio"-n-"nombrecentro":"OBRA DIOCESANA SANTO DOMINGO DE SILOS","mailcentro":"odsds@planalfa.es"
"provincia":"Zaragoza"-n-"codciclo":"ELE203","nombreciclo":"Instalaciones de Telecomunicaciones","grado":"GMedio"-n-"nombrecentro":"PABLO SERRANO","mailcentro":"iespsezaragoza@educa.aragon.es"
"provincia":"Zaragoza"-n-"codciclo":"ELE203","nombreciclo":"Instalaciones de Telecomunicaciones","grado":"GMedio"-n-"nombrecentro":"PEDRO CERRADA","mailcentro":"iesutebo@educa.aragon.es"
"provincia":"Zaragoza"-n-"codciclo":"ELE203","nombreciclo":"Instalaciones de Telecomunicaciones","grado":"GMedio"-n-"nombrecentro":"SALESIANO NTRA. SRA.DEL PILAR","mailcentro":"secretaria.zaragoza@salesianos.edu"
"provincia":"Zaragoza"-n-"codciclo":"ELE203","nombreciclo":"Instalaciones de Telecomunicaciones","grado":"GMedio"-n-"nombrecentro":"SAN VALERO","mailcentro":"infoces@svalero.es"
"provincia":"Zaragoza"-n-"codciclo":"ELE203","nombreciclo":"Instalaciones de Telecomunicaciones","grado":"GMedio"-n-"nombrecentro":"TIEMPOS MODERNOS","mailcentro":"iestiemposmodernos@educa.aragon.es"
"provincia":"Zaragoza"-n-"codciclo":"ELE301","nombreciclo":"Mantenimiento Electronico","grado":"GSuperior"-n-"nombrecentro":"PABLO SERRANO","mailcentro":"iespsezaragoza@educa.aragon.es"
"provincia":"Zaragoza"-n-"codciclo":"ELE301","nombreciclo":"Mantenimiento Electronico","grado":"GSuperior"-n-"nombrecentro":"PEDRO CERRADA","mailcentro":"iesutebo@educa.aragon.es"
"provincia":"Zaragoza"-n-"codciclo":"ELE301","nombreciclo":"Mantenimiento Electronico","grado":"GSuperior"-n-"nombrecentro":"SAN VALERO","mailcentro":"infoces@svalero.es"
