CCENTRO;DCENTRO;EMAIL;TELEFONO
50019068;DE TORRES DE BERRELLÉN;ayuntamiento@torresdeberrellen.net;976.653.101
50019044;DE LUMPIAQUE;aytolum@terra.es;976.601.650
50019056;EL JARDINCILLO;paniza@dpz.es;976.622.745
44010616;SAGALETS (AULA DE CRETAS);administracion@matarranya.org;978.890.860
44010604;DE CALACEITE;aytocalaceite@aragon.es;978.851.339
22010773;VILLA DE TARDIENTA;aytotardienta@aragon.es;974.253.001
22010785;TREVIÑER;aytoadahuesca@terra.es;974.318.151
50019032;ZAGALICOS;aguaron@campodecarinena.org;976.622.358
50700070;DE ALAGÓN;eoepalagon@educa.aragon.es;976.613.442
50700082;DE CALATAYUD;eoepcalatayud@educa.aragon.es;976.884.187
50700094;DE CASPE;eoepcaspe@educa.aragon.es;976.631.608
50700100;DE EJEA DE LOS CABALLEROS;eoepejea@educa.aragon.es;976.662.877
50700124;DE LA ALMUNIA DE DOÑA GODINA;eoepalmunia@educa.aragon.es;976.812.552
50700136;DE TARAZONA;eoeptarazona@educa.aragon.es;976.644.787
50700148;NÚMERO 4 DE ZARAGOZA;eoepzaragoza4@educa.aragon.es;976.440.887
50700151;NÚMERO 1 DE ZARAGOZA;eoepzaragoza1@educa.aragon.es;976.529.587
50700161;NÚMERO 2 DE ZARAGOZA;eoepzaragoza2@educa.aragon.es;976.594.413
50700173;NÚMERO 3 DE ZARAGOZA;eoepzaragoza3@educa.aragon.es;976.300.382
50700185;DE FUENTES DE EBRO;eoepfuentes@educa.aragon.es;976.160.938
44700116;DE ANDORRA;cprandorra@educa.aragon.es;978.842.144
44700131;ALCORISA;crietalcorisa@educa.aragon.es;978.840.503
44700141;ALBARRACIN;crietalbarracin@educa.aragon.es;978.710.153
44700153;CALAMOCHA;crietcalamocha@educa.aragon.es;978.732.308
22700017;DE GRAUS;cprgraus@educa.aragon.es;974.541.125
22700029;ANA ABARCA DE BOLEA;cprhuesca@educa.aragon.es;974.227.361
22700030;DE MONZÓN;cprmonzon@educa.aragon.es;974.403.134
50010791;ESCUELA UNIVERSITARIA DE ESTUDIOS SOCIAL;admeuesz@unizar.es;976.762.121
50701013;NÚMERO 5 DE ZARAGOZA;eoeip5zaragoza@educa.aragon.es;
50019536;ARQUERITOS;info@arqueritos.es;876.283.198
22011066;DE SIÉTAMO;;
22011030;ARAMÓN CERLER FORMACIÓN;;
22011042;ARAMÓN FORMIGAL - PANTICOSA FORMACIÓN;;
44010744;HERMANAS CATALÁN DE OCÓN;cpeaiglesuela@educa.aragon.es;964.443.410
44010689;GAG CU CU-TRAS TRAS;info@cucutrastrasteruel.es;978.227.224
50019433;LUNA;info@ceiluna.com;976.297.057
50019421;SMALL WORLD;;
50019573;PABLO GARGALLO;iespagazaragoza@educa.aragon.es;
44010756;INFANTIL 0-3 LA PURÍSIMA MONTESSORI;;
50019779;ADUNARE-VALDEFIERRO;;
50019792;MARÍA ZAMBRANO;ceipmariazambrano@educa.aragon.es;876.286.890
22010967;KATIA ACÍN;ceipkatiaacin@educa.aragon.es;
22010979;RÍO VERO;;
50701116;CENTRO ARAGONES PARA LA COMUNICACIÓN A A;;
50019810;ACAMÚSICA;info@acamusica.com;976.704.007
22010980;DE BENABARRE;;
22010992;DE ARÉN;;
22011005;DE MONTANUY;;
50019895;ADUNARE-DELICIAS;;
22011017;DE ESTADILLA;;
44010771;DE ALLOZA;;
50019342;REINO MENUDO;info@reinomenudo.es;876.244.966
50019366;MI CASITA EN EL JARDÍN;consuelolivan@yahoo.es;976.102.453
50019378;INTERNACIONAL ÁNFORA;secretaria@colegiointernacionalanfora.com;976.463.221
50019381;ANDRÉS GARDE ERIKSON;info@eriksonlab.com;976.546.555
50701037;TRASTORNOS GRAVES DEL DESARROLLO;;
44010690;SAGALETS (AULA DE LA PORTELLADA);administracion@matarranya.org;978.890.860
50019469;BOSQUE TERNURA 2;ceibosqueternura@hotmail.com;976.298.845
50019494;BALÚ;balucentroinfantil@gmail.com;976.958.875
50019548;ARCOSUR;ceiparcosur@educa.aragon.es;876.280.570
50019551;VALDESPARTERA III;cpivaldespartera3@educa.aragon.es;976.876.919
50019597;PARQUE VENECIA;cpiparquevenecia@educa.aragon.es;876.286.890
50019640;FORMACCIONA;info@formacciona.com;976.249.622
50019731;DE FIGUERUELAS;ceipfigueruelas@educa.aragon.es;976.656.240
50019743;ISABELINOS;isabelinoscei@gmail.com;636.175.607
50019755;NEMOMARLIN PASEO DE SAGASTA;;
50701128;EN TRASTORNOS DEL ESPECTRO AUTISTA;equipoorientaciontea@educa.aragon.es;
50019780;ANA MARÍA NAVALES;;
50019809;CANTINELA;direccion@centroinfantilcantinela.es;976.228.891
50701104;CENTRO DE EVALUACIÓN FORMACIÓN Y CALIDAD;;
44010781;ARAMÓN JAVALAMBRE-VALDELINARES FORMACIÓN;;978.610.092
22010876;MARÍA MOLINER;cpfragaiii@educa.aragon.es;974.471.272
50019408;SEGEDA;ceecalatayud@educa.aragon.es;
50019861;KLASSKIDSS;;
50019500;EL PICARRAL;iespicarral@educa.aragon.es;976.741.112
44010719;BRONCHALES-ORIHUELA;craorihuela@educa.aragon.es;978.714.352
50017606;LA COMETA;info@ayto-utebo.es;976.462.836
44010124;LOS MONCHONES;ayuntamiento@valdealgorfa.com;978.857.000
44010136;DE CALANDA;ayuntamiento@calanda.es;978.886.154
22700081;SUBSEDE DE SABIÑÁNIGO EN JACA;eoepsabinanigo@educa.aragon.es;974.363.200
22700091;DE MONZÓN;eoepmonzon@educa.aragon.es;974.415.858
22700108;DE SABIÑÁNIGO;eoepsabinanigo@educa.aragon.es;974.482.139
22700111;SUBSEDE DE GRAUS EN BOLTAÑA;eoepboltanna@educa.aragon.es;974.502.417
50600786;EL PORTILLO;guarde.elportillo@gmail.com;976.432.944
50600798;EL PRINCIPITO;alberto-ester@terra.es;976.527.958
50600804;ESPAÑOL;info@guarderiainfantilespanol.es.com;976.492.095
50600816;PUZZLE;puzzle@escuelainfantilpuzzle.net;976.525.219
50600828;KIKO-KIKO;tere_biju@hotmail.com;976.231.069
50600831;LA COMETA;josemaitecasa@gmail.com;976.476.279
50600853;LOS ANDES 1;san.ber@hotmail.com;976.329.195
50600865;LOS ANDES 3;c.i.locar@hotmail.es;976.446.045
22010281;NININS;escuelainfantilninins@graus.es;974.546.518
50017758;PINOCHO;alcaldia@daroca.e.telefonica.net;976.800.396
50017655;EL POMILLO;cpainzon@educa.aragon.es;976.868.676
50017667;DIEGO ESCOLANO;cplongares@educa.aragon.es;976.142.418
50017679;PABLO LUNA;cpalhama@educa.aragon.es;976.840.024
50017680;RAMÓN Y CAJAL;cppina@educa.aragon.es;976.165.347
50017710;MONTECANAL;cpmontecanal@educa.aragon.es;976.756.925
50017618;ESCUELA MUNICIPAL DE MÚSICA;ayto.uncastillo@terra.es;976.679.001
44700013;ÁNGEL SANZ BRIZ-TERUEL (SUBSEDE ALCAÑÍZ);cpralcaniz@educa.aragon.es;978.832.803
44700025;ÁNGEL SANZ BRIZ;cifeteruel@educa.aragon.es;978.618.460
44700037;DE UTRILLAS;cprutrillas@educa.aragon.es;978.758.062
44700049;DE ALCAÑÍZ;eoepalcaniz@educa.aragon.es;978.832.881
50009671;ESCUELA UNIVERSITARIA POLITÉCNICA;admingta@unizar.es;976.600.813
50008800;ESCUELA UNIVERSITARIA DE ESTUDIOS EMPRES;admeueez@unizar.es;976.762.700
50008812;ESCUELA UNIVERSITARIA DE INGENIERÍA TÉCN;admingtz@unizar.es;976.762.188
50008824;FACULTAD DE EDUCACIÓN;admeducz@unizar.es;976.761.301
50008836;CENTRO POLITÉCNICO SUPERIOR;admcepsz@unizar.es;976.762.032
50008848;FACULTAD DE CIENCIAS;admcienz@unizar.es;976.761.158
50008851;FACULTAD DE DERECHO;admderez@unizar.es;976.761.001
50008861;FACULTAD DE FILOSOFÍA Y LETRAS;secrefil@unizar.es;976.761.505
50008873;FACULTAD DE MEDICINA;admmediz@unizar.es;976.762.068
50008885;FACULTAD DE VETERINARIA;admvetez@unizar.es;976.761.611
50008897;FACULTAD DE CIENCIAS ECONÓMICAS Y EMPRES;admeconz@unizar.es;976.762.131
50017102;Nº 1;iesmmozaragoza@educa.aragon.es;976.331.803
50017643;LA CARTUJA BAJA;layka84@hotmail.com;976.500.808
44700050;DE CANTAVIEJA;eoepcantavieja@educa.aragon.es;964.185.208
44700062;DE TERUEL;eoepteruel@educa.aragon.es;978.602.693
44700074;DE UTRILLAS;eoeputrillas@educa.aragon.es;978.758.355
44700086;DE ANDORRA;eoepandorra@educa.aragon.es;978.843.478
44700098;DE CALAMOCHA;eoepcalamocha@educa.aragon.es;978.730.597
50700239;VENTA DEL OLIVAR;criezzaragoza@educa.aragon.es;976.341.133
50700011;DE CALATAYUD;profesoradocalatayud@educa.aragon.es;976.884.356
22004670;ESCUELA POLITÉCNICA SUPERIOR;admingth@unizar.es;974.239.301
22004682;FACULTAD DE CIENCIAS HUMANAS Y DE LA EDU;admciheh@unizar.es;974.239.354
22004724;ESCUELA UNIVERSITARIA DE ENFERMERÍA HOSP;admenfeh@unizar.es;974.210.288
50018878;EL BOSQUE;einfantil-cascohistorico@zaragoza.es;976.430.862
22700042;DE SABIÑÁNIGO;info@cifesabinanigo.es;974.481.176
22700054;DE FRAGA;eoepfraga@educa.aragon.es;974.473.021
22700066;DE GRAUS;eoepgraus@educa.aragon.es;974.546.062
22700078;DE HUESCA;eoephuesca@educa.aragon.es;974.245.366
50017761;CENTRO NACIONAL DE ESTUDIOS DE TÉCNICOS;josealonso@tecnicodeportivo.net;976.087.068
50017771;ZARAGOZA SCHOOLHOUSE;hello@zaragozaschoolhouse.com;976.569.900
50900061;CENTRO DE MEDICINA DEL DEPORTE;;
50900071;ARCHIVO HISTÓRICO PROVINCIAL;;
50900083;MUSEO DE ZARAGOZA;;
50900095;PARQUE DEPORTIVO EBRO;;
44004586;ESCUELA UNIVERSITARIA POLITÉCNICA;admingtt@unizar.es;978.618.102
44004136;ESCUELA UNIVERSITARIA DE ENFERMERÍA HOSP;ADMENFET@POSTA.UNIZAR.ES;978.620.648
44004021;FACULTAD DE CIENCIAS SOCIALES Y HUMANAS;adminter@unizar.es;978.618.108
22006149;FACULTAD DE CIENCIAS DE LA SALUD Y DEL D;facuhu@unizar.es;974.239.393
50008939;UNIV.DE ZARAGOZA;rector@posta.unizar.es;976.761.000
50008991;ESCUELA UNIVERSITARIA DE CIENCIAS DE LA;admenfez@unizar.es;976.761.751
22010840;CENTRO DE FORMACIÓN EDUCATIVA FUNDACIÓN;;974.243.834
50701025;E.ESPEC. DISCAP. FÍS.: MOTOR. Y ORGÁNICA;equiespefisica@educa.aragon.es;
50019354;DE LA MUELA;ieslamuela@educa.aragon.es;976.149.964
50019391;BARQUITOS;;
50019101;DE VILLANUEVA DE GÁLLEGO;iesvillanuevadegallego@educa.aragon.es;976.180.698
50019111;SALTARINES;saltarines.julieta@hotmail.com;976.547.156
22010839;MONZÓN III;ceipmonzon@educa.aragon.es;974.415.081
50019411;DE SOS DEL REY CATÓLICO;secretaria@fpvalledetena.com;976.550.365
50019445;NUVOLA;;
50019457;LITTLE LANUZA;secretaria@juandelanuza.org;976.300.336
50019482;ARTE-MISS ZARAGOZA, CENTRO 2;deborah@arte-miss.com;876.282.695
44010707;LAS TORRES;asocdanzalastorres@gmail.com;
50019512;MODERNO SANTA MARÍA;cmusicasantamaria2013@gmail.com;976.293.871
50019524;ESCUELA ARAGONESA DEL DEPORTE;escadeporte@aragon.es;976.714.978
50019561;PARQUE DEL AGUA;acoloma@hipicaparquedelagua.es;630.868.301
44701017;DE ALCORISA;cifealcorisa@educa.aragon.es;978.840.357
22010888;INTERNATIONAL COACHES EDUCATION;;
50019615;SOLEDAD PUÉRTOLAS;cpisoledadpuertolas@educa.aragon.es;690.025.734
22010906;DE FRAGA;;
50019603;DE LA ALMOLDA;;
50019627;DE UTEBO;;
22010918;RÍO VERO;;
44010720;SAGALETS (AULA DE VALDELTORMO);;978.858.001
50019639;PEQUEÑOS VENECIANOS;pvenecianos@gmail.com;653.818.266
22010921;BRAVO! ESPACIO DE MÚSICA;info@bravoespaciomusica.com;974.218.712
22010943;DE SODETO;;
22010955;DE BOLTAÑA;ninones2006@yahoo.es;974.502.416
44010732;DE ALCAÑIZ;;
50701050;C.ARAG.LENGUAS EXTRANJ.PARA LA EDUCACION;centrolenguas@aragon.es;976.506.628
22010931;DE VILLANUEVA DE SIJENA;;
50019688;ESCUELA ARAGONESA DE ENTRENADORES DE ATL;;
50019691;NUNÚ BEBÉ;;
50019664;ALMADA;;976.807.219
50019676;MARTINA BESCÓS;iesmartinabescos@educa.aragon.es;
50019251;VAL DE LA ATALAYA;ceipmaria2@educa.aragon.es;976.124.549
22010797;DE SENA;aytosena@monegros.net;974.578.345
22010815;VIRGEN DEL ROSARIO;chimillas@chimillas.es;974.224.571
22010827;DE BROTO;;
44010628;DE MAS DE LAS MATAS;ayuntamiento@masdelasmatas.com;978.848.112
44010631;PEQUEÑALBA;villastar.te97@yahoo.es;978.680.100
44010641;SARGANTESA;;978.650.002
50019093;LAS FÁBULAS;ayuntamiento@cuartedehuerva.es;976.463.705
50019123;DE PINA DE EBRO;ayuntamiento@pinadeebro.es;976.165.007
50019135;PARQUE BRUIL;;
50019305;DADA;hola@escueladada.com;976.935.661
50019147;FUNDACIÓN LABORAL DE LA CONSTRUCCIÓN;lvillaluenga@fundacionlaboral.org;976.740.626
44010665;SAGALETS (AULA DE BECEITE);administracion@matarranya.org;978.890.860
50019196;CANTACUCOS;novallas@dpz.es;976.198.292
50019214;IR CRECIENDO;info@ircreciendo.com;976.932.127
50019241;PLANETA IMAGINARIO;info@planeta-imaginario.es;976.953.659
50019287;ZARAGOZA SUR;ceipzgzsur@educa.aragon.es;876.646.421
50019718;NANYLAND PARQUE VENECIA;parquevenecia@nanyland.com;976.445.479
22701009;DE HUESCA;eoephuesca@educa.aragon.es;
22701010;DE MONZÓN;eoepmonzon@educa.aragon.es;
44701029;DE TERUEL;eoepteruel@educa.aragon.es;
44701030;DE ALCAÑIZ;eoipalcaniz@educa.aragon.es;
22010852;DE MONZÓN;eoimonzon@educa.aragon.es;
50701001;CENTRO INNOVACIÓN PARA LA FP DE ARAGÓN;cifpa@aragon.es;876.269.171
44010677;SANTA EMERENCIANA;resseteruel@educa.aragon.es;978.620.533
50019299;PILAR BAYONA;ceipcuartetres@educa.aragon.es;876.261.091
50019317;FLORIÁN REY;ceipflorianrey@educa.aragon.es;976.813.597
22010864;COTONET;escuelacotonet@gmail.com;636.434.982
50701062;DE ZARAGOZA;eoeatzaragoza@educa.aragon.es;
50701074;DE CALATAYUD;eoeatcalatayud@educa.aragon.es;
50701086;DE EJEA DE LOS CABALLEROS;eoeatejea@educa.aragon.es;690.745.111
50019721;CENTRO NACIONAL DE ESTUDIOS DE TÉCNICOS;;
22701022;DE BENABARRE;;
50701098;DE ZARAGOZA;asesoriaconvivencia@aragon.es;976.345.388
50019202;CENTRO NACIONAL DE ESTUDIOS DE TÉCNICOS;joseanted@gmail.com;675.552.015
50019226;DE SÁSTAGO;sastago@dpz.es;976.178.011
50019238;DE LA MUELA;escuelainfantillamuela@gmail.com;976.144.293
50019184;VILLA DE ZUERA;ayuntamiento@ayunzuera.com;976.680.002
44010653;SNOOPY;selvi.1964@hotmail.com;978.612.180
50019159;EL NIDO DE PATRICIA;info@elnidodepatricia.com;976.496.439
50019275;CENTRO DE ENSEÑANZAS DEPORTIVAS-ENTEDE;;
50019263;KID'S GARDEN ACTUR;kidsgardenactur@gmail.com;876.040.944
50019007;NENETES;guarderianenetes@hotmail.com;976.307.379
22010803;MARÍA SÁNCHEZ ARBÓS;juventud@huesca.es;974.213.325
50019081;SAN JORGE;cpisanjorge@educa.aragon.es;976.974.014
50019019;JULIO VERNE;cpijulioverne@educa.aragon.es;876.263.100
50019020;VALDESPARTERA;iesvaldespartera@educa.aragon.es;976.932.353
44010549;SEÑORA PABLA;ayuntamiento@urreadegaen.com;606.251.694
50018970;GLORIA FUERTES-BARDENAS;escuelainfantil@aytoejea.es;976.677.556
50018994;GLORIA FUERTES-SANTA ANASTASIA;escuelainfantil@aytoejea.es;976.677.556
50018969;DE LA DELEGACIÓN ESPECIAL DE ECONOMÍA Y;tcaldana07@hotmail.com;976.769.984
50019470;MONTESSORI KIDS;administracion@fundacionmontessori.com;976.306.100
44010768;DE MEZQUITA DE JARQUE;;
50019901;VITAE ZARAGOZA;;
50701049;TRASTORNO MENTAL Y DE LA CONDUCTA;;
50019858;NANYLAND HISPANIDAD;hispanidad@nanyland.com;976.757.741
50019871;DUENDECILLOS;;
50019883;ARCO IRIS;;
44010793;DE ALCAÑIZ;;
44010801;DE ALCAÑIZ;;
44010811;DE ALCAÑIZ;;
50019834;FERNANDO LÁZARO CARRETER;;
50019846;Nº 1;;
22011078;TECNICOS DEPORTIVOS TÁNDEM;;
50400084;UNIVERSIDAD DE VERANO DE ZARAGOZA;pchueca@unizar.es;976.761.047
50400085;SEMINARIO INTERDISCIPLINAR DE ESTUDIOS D;;
50400086;AYUNTAMIENTO DE BORJA;;
50400087;DTO CIENCIAS DE LA DOCUMENTACIÓN E HISTO;;
50400088;FUNDACIÓN MANUEL GIMÉNEZ ABAD;SECRETARIO@FUNDACIONGIMENEZABAD.ES;976.289.715
50400089;INSTITUTO ARAGONÉS DE LA JUVENTUD;;
50400090;DTO DE FILOLOGÍA ESPAÑOLA (LITERATURAS E;;
50400091;DEPARTAMENTO DE HISTORIA DEL ARTE. F. DE;;
50400092;ASOCIACIÓN DE PADRES DE NIÑOS AUTISTAS D;;
50400093;AYUNTAMIENTO DE ALAGON;;
50400094;SECCIÓN DE ARAGÓN DE LA REAL SOCIEDAD ES;;
50400095;DEPARTAMENTO FILOSOFIA DE LA FACULTAD DE;;
50400096;FEDERACIÓN ARAGONESA DE SOLIDARIDAD;FEDERACION@ARAGONSOLIDARIO.ORG;
50400097;SOS RACISMO ARAGÓN;;
50400098;AYUNTAMIENTO DE CALATAYUD;;
50400099;ACCIÓN SOCIAL Y SINDICAL INTERNACIONALIS;assi@assi-assi.org;669.425.754
50400108;KAIROS COOPERATIVA DE INICIATIVA SOCIAL;info@kairos.com;976.279.175
50400112;UNIVERSIDAD SAN JORGE;plarraz@usj.es;976.060.100
50400113;ASOCIACION DE EDUCADORES, FORMADORES E I;AEFI@ASOCIACIONEDUCADORES.ES;876.090.116
50400114;FUNDACION LABORAL DE LA CONSTRUCCION;FORMACIONARAGON@FUNDACIONLABORAL.ORG;976.740.626
50400115;FUNDACIÓN GOYA EN ARAGON;INFO@FUNDACIONGOYAENARAGON.ES;976.484.547
50400116;CREARTE, ASOCIACIÓN PARA LA CREATIVIDAD,;TERAPIASCREATIVAS2011@GMAIL.COM;637.448.941
50400117;CÁTEDRA DE COOPERACIÓN PARA EL DESARROLL;CATCODES@UNIZAR.ES;976.353.188
50400118;ASOCIACIÓN PROFESIONAL ARAGONESA DE DANZ;DANZATERAPIARAGON@YAHOO.ES;656.869.534
50400119;FEAPS ASOCIACIÓN DE ENTIDADES PERSONAS C;FEAPSARAGON@FEAPSARAGON.COM;976.738.581
50400120;FUNDACIÓN SEMINARIO DE INVESTIGACIÓN PAR;fundacionsip@seipaz.org;976.230.113
50400121;NOGARA;ASOZIAZION@NOGARA-RELIGADA-ORG;607.889.465
50400122;ONCE;iema@once.es;976.282.477
50400123;SURYA, ASOC. DE AMIGOS Y FAMILIAS ADOPTA;AMIGOS_FAMILIASDEINDIA@HOTMAIL.COM;661.361.804
50400124;ASOCIACIÓN CULTURAL AULA LIBRE;JLOPEZXANC@EDUCA.ARAGON.ES;976.737.842
50400125;ZARAGOZA DEPORTE MUNICIPAL;ZARAGOZADEPORTE@ZARAGOZADEPORTE.COM;976.723.838
50400126;ANPE ARAGON_ASOCIACIÓN NACIONAL DEL PROF;zaragoza@anpe.es;976.224.741
50400127;FACULTAD DE DERECHO UNIVERSIDAD ZARAGOZA;;
50400128;DEP. DE DIDÁCTICA DE LAS LENGUAS Y DE LA;;
50400129;ADRI JILOCA GALLOCANTA;;
50400130;ESCUELA SUPERIOR DE DISEÑO;direccion@esda.es;976.237.545
50400131;ESCUELA DE ARTE DE ZARAGOZA;direccion@escueladeartedezaragoza.com;
50400132;ASOCIACIÓN ÁGORA TIEMPO LIBRE;agoratiempolibre@hotmail.com;976.255.555
50400133;COLEGIO PROFESIONAL DE PSICOLÓGOS;daragon@cop.es;976.201.982
50400134;FUNDACIÓN C.A. TRASTÉVERE;JIBILBAO@ESCOLAPIOS.ES;
50400135;FUNDACIÓN ENTRECULTURAS;ARAGON@ENTRECULTURAS.ORG;
50400136;FUNDACIÓN GARCÍA ESTEBAN;FUNDACION@DUOGARCIAESTEBAN.COM;
50400137;FUNDACION PIQUER;piquer@piquerestudios.com;976.356.544
50400138;MASMEDIACIÓN;MASMEDIACION@GMAILCOM;
50400139;DIPUTACION PROVINCIAL DE ZARAGOZA;jpinar@dpz.es;976.288.925
50400140;AGORA ASOCIACIÓN PROFESIONAL DE ORIENTAD;coordinacion@redagora.org;616.211.469
50400141;ASOC. CENTRO IN MEDIACIÓN DE SOLUCIÓN/TR;centro@in-mediacion.com;618.178.859
50400142;ASOCIACIÓN DE PROFESORES DE MÚSICA DE AR;apmaragon@gmail.com;606.467.470
50400143;CENTRO MUN. ATENCIÓN/PREVENCIÓN DE ADICC;prevencionadicciones@zaragoza.es;976.724.916
50400144;DOCE_ASOCIACIÓN PARA LA CREACIÓN DE ENTO;asociacion12@gmail.es;666.157.428
50400145;FUNDACIÓN TALITA;info@talitaaragon.org;669.206.763
50400148;IBERCAJA ZENTRUM;pgracia@ibercajaobrasocial.org;976.482.812
50400149;INST. ESTUDIOS HUMANISTICOS;ieturolenses@dpteruel.es;978.617.860
50400150;OSCUS_ FUNDACIÓN OBRA SOCIAL Y CULTURAL ;zaragoza-es@oscus.org;976.281.996
50400151;FACULTAD EDUCACIÓN UNIVERSIDAD ZARAGOZA;;
50400153;ADESDAR_ASOCIACION DE DOCENTES DE ECONOM;iespagazaragoza@educa.aragon.es;976.385.012
50400154;APTEAR FERMÍN MATEO_ASOC. PROFESORES DE ;APTEARferminmateo@gmail.com;976.066.888
50400155;EDUCARE_ASOCIACIÓN EDUCARE FORMACIÓN;info@educareformacion.es;651.103.004
50400156;ASOCIACIÓN ESPAÑOLA VERBOTONAL;aeverbotonal@yahoo.es;976.552.749
50400157;ASOCIACIÓN GEOVIVA;info@geoviva.es;625.597.729
50400158;SOCIEDAD ESPAÑOLA DE ESTUDIOS CLÁSICOS;jvela@unizar.es;976.761.000
50400159;IBERCIDE_CENTRO IGERCAJA DE DESARROLLO E;ccactur@ibercajaobrasocial.org;976.733.620
50400160;FUNDACION LACUS ARAGON;bcaparros@lacusaragon.org;655.405.394
50400161;MAS EDUCACION FISICA ARAGON;masefaragon@gmail.com;657.113.666
50400162;COLEGIO PROFESIONAL PSICOLOGOS ARAGON;daragon@cop.es;976.201.982
50400164;MEJORA TU ESCUELA PUBLICA ARAGON;mejoratuescuelapublica.aragon@gmail.com;677.872.690
50400165;ASOCIACIÓN DE ESTUDIANTES DE ARAGÓN;secretaria@escuelaredes.org;976.219.045
50400166;ASOCIACIÓN COACHING, EDUCACIÓN Y FORMACI;redes.acef@gmail.com;
50400174;DEPARTAMENTO INFORMATICA E INGENIERIA DE;mgbedia@unizar.es;876.555.497
50400175;ASOCIACIÓN LANNAS;info@lannas.org;687.392.112
50400176;OBRA SOCIAL IBERCAJA;amfarre@obrasocial.ibercaja.es;
50400178;CENTRO DE ORIENTACIÓN Y ESTUDIOS DE LA F;info@coef.es;670.646.358
50400183;ASOCIACION CONTRA EL ACOSO IGNIS;info@asociacionignis.com;
50400184;IRISAR. SEXOLOGÍA SOCIAL E INVESTIGACIÓN;irisarsexologia@gmail.com;
50400185;INGENIERIA SIN FRONTERAS;;679.845.952
50400187;ASOCIACIÓN MÉDICOS DEL MUNDO - ARAGÓN;aragon@medicosdelmundo.org;976.404.940
22400001;ANPE HUESCA_SINDICATO INDEPENDIENTE;anpe-hu@teleline.es;974.227.965
22400002;ASOCIACIÓN DE PROFESORES DE AUTOMOCIÓN (;aspa@lettera.es;974.310.294
22400003;CRUZ ROJA ESPAÑOLA. ASAMBLEA PROVINCIAL ;huesca@cruzroja.es;974.221.186
22400004;ESCUELA DE VERANO ALTOARAGÓN;monicapuysaura@gmail.com;616.602.248
22400005;ESCUELA OFICIAL DE IDIOMAS IGNACIO LUZÁN;;
22400006;ESCUELA OFICIAL DE IDIOMAS DE HUESCA;;
22400007;PLATAFORMA DEL VOLUNTARIADO DE ARAGÓN;PLATAFORMA@VOLUNTARIADODEARAGON.ORG;671.953.300
22400008;ASOCIACION DOWN HUESCA;ADMINIS@DOWNHUESCA.COM;974.222.805
22400009;EXCELENTÍSIMO AYUNTAMIENTO DE BENASQUE;AYTO@BENASQUE.ORG;974.551.001
22400010;FADOT, FUNDACIÓN PARA EL DESARROLLO Y OB;FUNDACION.FADOT@ARAGON.ES;638.853.637
22400011;FUNDACIÓN BEULAS-CDAN;DIDACTICA@CDAN.ES;974.239.893
22400012;ASOCIACION PRO DESARROLLO Y GESTIÓN GLOB;formación@prodes.org;974.232.449
22400013;AGRUPACIÓN ASTRONÓMICA DE HUESCA;;
22400014;ASOCIACIÓN ARAGONESA DE EUTONÍA;EUTONIARAGON@GMAIL.COM;
22400015;FACULTAD DE CIENCIAS HUMANAS Y DE LA EDU;jajulian@unizar.es;
28400001;INSTITUTO CERVANTES;;
50400193;ASAMBLEA DE COOPERACIÓN POR LA PAZ;aragon@acpp.com;
50400194;ASOCIACIÓN DE MAESTROS DE AUDICIÓN Y LEN;asociacionalaragon@gmail.com;675.195.946
50400195;ASOCIACIÓN SAN FRANCISCO DE SALES DE HIP;direccionhipoacusicos@gmail.com;974.227.783
50400196;CALA Y PEDAL S. COOP (LA CICLERÍA);chavi@lacicleria.com;627.501.843
50400197;FUNDACIÓN INTERED;aragon@intered.org;976.348.452
50400198;VIAJE A LA SOSTENIBILIDAD;contacto@viajealasostenibilidad.org;651.117.943
44400001;"CENTRO ARAGONÉS "" FILOSOFÍA PARA NIÑOS""";;978.612.400
44400002;CRUZ ROJA ESPAÑOLA. ASAMBLEA PROVINCIAL ;teruel@cruzroja.es;978.602.609
44400003;UNIVERSIDAD DE VERANO DE TERUEL;;978.618.118
44400004;DIPUTACION PROVINCIAL DE TERUEL;;
44400005;ESCUELA OFICIAL DE IDIOMAS DE TERUEL;;
44400006;ESCUELA OFICIAL DE IDIOMAS DE ALCAÑIZ;;
44400007;ASOCIACION TUROLENSE PARA LA CALIDAD Y F;ASOCIACIONCALIDADPROFESORADO@GMAIL.COM;978.602.114
50300001;ENTIDAD DE FORMACIÓN PROFESIONAL;;
50400001;AGRUPACIÓN DE SORDOS DE ZARAGOZA Y ARAGÓ;asza@asza.net;976.200.362
50400002;ASOCIACIÓN ARAGÓN- CITTÁ DI ROMA;mariano@cittadiroma.es;976.597.136
50400003;ARBADA. ASOC.ARAG. FAMILIARES TRASTORNO ;;976.389.575
50400004;ASOCIACIÓN ARAGONESA DE PSICOPEDAGOGÍA;aaps@psicoaragon.es;976.759.551
50400005;"ASOCIACIÓN ARTÍSTICA ""UTRILLO""";utrillo@teleline.es;976.277.888
50400006;"ASOCIACIÓN CULTURAL  ""MOVIMENTO""";danza@eresmas.net;976.592.173
50400007;ASOCIACIÓN CULTURAL AMIGOS DE LA  CIENCI;kaleidos@airtel.net;976.359.323
50400008;CENTROS DE ENSEÑANZA MUSICALES DE LA C.A;jrsmaria@cece.es;976.293.871
50400009;ASOCIACIÓN DE PROFESORES DE E.O.I. DE AR;apeioia@gmail.com;976.357.400
50400010;ASOCIACIÓN DE PROFESORES DE ESPAÑOL EN A;;
50400011;ASOCIACIÓN DE PROFESORES DE FRANCÉS DE A;asocfran@gmail.com;976.467.000
50400012;ASOCIACIÓN SEXOLÓGICA DE ARAGÓN;;
50400013;CAJA DE AHORROS Y MONTE DE PIEDAD DE ZAR;ib301014@public.ibercaja.es;976.767.676
50400014;CÁMARA DE COMERCIO E INDUSTRIA DE ZARAGO;cci@camarazaragoza.com;976.306.161
50400015;CENTRO DE SOLIDARIDAD DE ZARAGOZA;csz@pangea.org;976.331.775
50400016;CENTRO OBRERO DE FORMACIÓN (CODEF);;
50400017;COL.OF.DE DOCT.Y LIC. EN FILOSOFÍA, LETR;secretaria@cdl-aragon.es;976.554.266
50400018;COLEGIO OFICIAL DE LICENCIADOS EN EDUCAC;colefa@telefonica.net;976.511.312
50400019;CENTRAL SINDICAL INDEPENDIENTE Y DE FUNC;formacion@csi-csif.es;976.221.728
50400020;FEDERACIÓN ARAGONESA DE COROS;federarcor@eresmas.com;976.235.840
50400021;FEDERACIÓN ARAGONESA DE ESGRIMA;rfee@ibm.net;658.313.862
50400022;FED. ARAGONESA DE SINDICATOS DE ENSEÑANZ;fedens@cgt.es;976.392.306
50400023;FEDERACIÓN DE ASOCIACIONES DE EDUCACIÓN ;;
50400024;FEDERACIÓN DE ASOCIACIONES GITANAS DE AR;faga_aragon@yahoo;976.253.270
50400025;FEDERACIÓN ENSEÑANZA DE CC.OO.;;976.158.704
50400026;FEDERACIÓN DE ENSEÑANZA DE UGT DE ARAGÓN;fete@aragon.ugt.org;976.700.117
50400027;FED.SINDICATOS INDEPENDIENTES DE ENSEÑAN;fsie.aragon@fsie.es;976.438.233
50400028;FERE CECA ARAGÓN;FERECECAARAGON@FERECECA.ES;976.385.852
50018908;PALMAS PALMITAS;emartinez@mariadehuerva.es;976.124.728
50400029;FORUM EUROPEO DE ADMINISTRADORES DE LA E;alorente@aragon.es;609.771.849
50400030;FUNDACIÓN ADUNARE;adunare@adunare.org;976.223.214
50400031;FUNDACIÓN CORAZONISTA ANDRÉS COINDRE;scorazonz@planalfa;
50400032;FUNDACIÓN DOWN 21 PARA EL SÍNDROME DE DO;fundacion@down21zaragoza.org;976.388.855
50400033;FUNDACIÓN GENES Y GENTES;;
50400034;FUNDACIÓN OXFAM INTERMÓN;;
50400035;FUNDACIÓN JESÚS RICARDO ZALDÍVAR GRACIA;jrsmaria@cece.es;976.295.720
50400036;FUNDACIÓN REY DEL CORRAL DE INVESTIGACIO;fimaragon@terra.es;976.200.256
50400037;"INSTITUCIÓN ""FERNANDO EL CATÓLICO""";ifc@dpz.es;976.288.878
50400038;MOVIMIENTO CONTRA LA INTOLERANCIA;mci.aragon@posta.unizar.es;976.280.756
50400039;UNICEF-COMITÉ DE ARAGÓN;aragón@unicef.es;976.225.494
50400040;ASOCIACIÓN CULTURAL SABIL;sabil@posta.unizar.es;670.956.637
50400041;ASOCIACIÓN DE PSICOPEDAGOGÍA Y FORMACIÓN;asociacionpfp@yahoo.es;976.552.040
50400042;ASOCIACIÓN ESPAÑOLA DE NIÑOS SUPERDOTADO;asenid@eresmas.com;976.552.040
50400043;FEDERACIÓN ARAGONESA DE DEPORTES TRADICI;fedeptra@navegalia.com;976.730.611
50400044;FEDERACIÓN DE EMPRESAS QUÍMICAS DE ARAGÓ;feqpa@feqpa.com;976.320.000
50400045;FUNDACIÓN REY ARDID;fundacion@reyardid.org;976.740.602
50400046;FUNDACIÓN UNCASTILLO CENTRO DEL ROMÁNICO;;976.679.121
50400047;D.G.TRABAJO DEL DEPARTAMENTO DE ECONOMÍA;;
50400048;ESCUELA OFICIAL DE IDIOMAS DE EJEA DE LO;;976.663.544
50400049;FUNDACIÓN ECOLOGÍA Y DESARROLLO;;976.298.282
50400050;CONFED. DE LA PEQUEÑA Y MEDIANA EMPRESA ;;976.766.060
50400051;SERVICIO DE LENGUA Y CULTURA ESPAÑOLA PA;pchueca@unizar.es;976.761.047
50400052;DTO PRODUCCIÓN ANIMAL Y CIENCIA DE LOS A;;976.792.132
50400053;SOC.ARAG. PROFESORES MATEMÁTICAS PEDRO S;;976.761.047
50400054;FED.SINDICATOS TRABAJADORES DE LA ENSEÑA;;
50400055;FEDERACIÓN ARAGONESA  DE EDUCACIÓN DE AD;;
50400056;ASOC. ESPAÑOLA CONTRA EL CÁNCER. JUNTA P;;
50400057;SOCIEDAD ESPAÑOLA DE INVESTIGADORES EN E;;
50400058;LIGALLO DE FABLANS DE L'ARAGONES;;
50400059;FUND. ARAG. PREVENCIÓN Y EL TRATAMIENTO ;;
50400060;FUNDACIÓN CENTRO DE SOLIDARIDAD DE ZARAG;;
50400061;INSTITUTO ARAGONÉS DE ANTROPOLOGÍA;;
50400062;D.G.CONSUMO DEL DTO DE SANIDAD, CONSUMO ;;
50400063;CENTRO DE ESTUDIOS DAROCENSES;;976.800.540
22010724;DE LA COMARCA DE SOBRARBE;comarca@sobrarbe.com;974.500.557
50400064;INSTITUTO DE CIENCIAS DE LA EDUCACIÓN;;976.761.047
50400065;ÁREA DE CULTURA DE LA DIPUTACIÓN PROVINC;;976.288.870
50400066;FEDERACIÓN DE ENSEÑANZA DE USO ARAGÓN;aragon@feuso.es;976.594.300
50400067;ASOCIACIÓN DE INSPECTORES DE EDUCACIÓN (;;
50400068;DIRECCIÓN GENERAL DE F.P.  Y EDUCACIÓN P;;
50400069;DEPARTAMENTO DE CULTURA Y TURISMO;;
50400070;INSTITUT FRANCAISE;;
50400071;DTO. DE CIENCIAS DE LA EDUCACION UNIVERS;;
50400072;UGT ARAGON;;976.700.100
50400073;CONSEJO ARAGONÉS DE FORMACIÓN PROFESIONA;;
50400074;FUNDACIÓN BERNARDO  ALADRÉN;;
50400075;ASOCIACIÓN PARA LA ENSEÑANZA DE LA ASTRO;;
50400076;CONSEJO ESCOLAR DE ARAGÓN;;
50400077;DIRECCIÓN GENERAL DE F.P. Y EDUCACIÓN PE;;
50400078;DIRECCIÓN GENERAL DE SALUD PÚBLICA;pgonzalvo@aragon.es;3.773
50400079;DEPARTAMENTO DE CIENCIAS DE LA TIERRA DE;;
50400080;SOCIEDAD ESPAÑOLA DE ESTUDIOS CLÁSICOS. ;;
50400081;ESCUELA OFICIAL DE IDIOMAS Nº1;adjunto.eoi1z@gmail.com;976.568.034
50400082;INICIATIVA CIUDADANA CONVIVE;;
50400083;E.O.I. FERNANDO LÁZARO CARRETER DE ZARAG;;
50018891;LAS HABLILLAS;ayuntamiento@cuartedehuerva.es;976.937.018
50018076;PEQUEÑOS MAESTROS;alejandra.reguero@hotmail.com;876.113.550
44010197;EL PARQUE;ayuncedrillas@terra.es;978.774.001
50018088;FRANCISCA GIL DE LA RIVA;mores@dpz.es;976.826.494
50018091;COLORADO COLORÍN;aytoariza@terra.es;680.460.422
50018106;DE MAELLA;oficinas.maella@dpz.es;976.638.316
50018118;DE QUINTO;quinto@dpz.es;976.177.673
44010161;SOLETES;ceisoletes@hotmail.com;978.834.909
22010402;XIQUETS;xiquets@fraga.org;974.470.877
44010291;DE UTRILLAS;ayuntamiento@utrillas.org;978.757.001
50018386;EL ARKA;cei.elarka@hotmail.com;976.254.985
50018246;VALDESPARTERA;cpvaldespartera@educa.aragon.es;976.933.599
50018258;MARIE CURIE;cpmarquesc@educa.aragon.es;976.478.841
50018261;RÍO SENA;cpmiralbueno@educa.aragon.es;876.266.599
50018283;FORO ROMANO;ceipfororomano@educa.aragon.es;976.509.824
50018295;ZARAPEQUES;zarapeques@gmail.com;675.802.808
44700165;CENTRO ARAG. DE TECNOLOG. PARA LA EDUCAC;catedu@educa.aragon.es;978.841.086
50017849;EL TREN CHU-CHU;centroeltrenchuchu@gmail.com;976.393.046
50017825;DE ESCATRÓN;escatron@dpz.es;976.170.006
50017837;DE TARAZONA;bsancho@tarazona.es;976.641.141
44600122;CUEVA SANTA;irene-palomar@hotmail.com;978.605.803
50017965;DE BOQUIÑENI;boquinen@dpz.es;976.652.201
22010751;ATALIA;aytoalmuniadesanjuan@aragon.es;974.403.003
44010215;ANTÓN GARCÍA ABRIL. CIUDAD DE TERUEL;escuela@bandamusicateruel.com;978.608.687
50017953;BLANCANIEVES;maluenda@dpz.es;976.893.007
50017977;DE BREA DE ARAGÓN;brea@dpz.es;976.824.641
50017989;NERTÓBRIGA;ricla@dpz.es;976.606.296
22010360;@S`CRI@S;guardealmudevar@hotmail.com;974.250.678
44010227;SAGALETS (AULA DE LA FRESNEDA);administracion@matarranya.org;978.890.860
44010239;SAGALETS (AULA DE FUENTESPALDA/FONTDESPA;fondespala@telefonica.net;978.856.750
22010414;SANTA MARGARITA;ossodecinca@ossodecinca.es;974.456.040
22010426;DE BELVER DE CINCA;aytobelver1@telefonica.net;650.824.672
44010264;DE TORRECILLA DE ALCAÑIZ;ayto-torrecilla@mezquin.com;978.852.127
44010276;LA SELVETA;selveta@alcaniz.es;978.830.083
44010203;JUAN LORENZO PALMIRENO;cppalmireno@educa.aragon.es;978.831.338
50018121;OCTAVUS;cputebo4@educa.aragon.es;976.462.539
50018131;JEAN PIAGET;ceepgozaragoza@educa.aragon.es;976.799.837
50018143;LUCIEN BRIET;cpjuszaragoza@educa.aragon.es;976.743.516
22010372;DE GURREA DE GÁLLEGO;ayuntamiento@gurreadegallego.es;976.688.375
22600333;DUMBO;joseantonioyreyes@hotmail.com;974.306.039
22600345;BABY EXPRESS;mesquitero@terra.es;974.470.758
22600357;EL RELOJ;pacheco.ainos@hotmail.com;974.472.132
22600394;PINOCHO;;974.360.055
50600907;MIRAFLORES;marigu8b@gmail.com;976.215.911
50600932;PANDA;panda@aceinzar.es;976.519.248
50600944;PARDAL;gbaraza@telefonica.net;976.314.747
50012001;INSTITUTO UNIVERSITARIO DE MATEMÁTICAS Y;;
44010252;DE MONTALBÁN;ayuntamiento@montalban.org;978.750.001
50018210;ARCO IRIS;ayuntamiento@carinena.es;654.623.849
44010240;LA CODOÑERA;aytolacodonnera@aragon.es;978.852.307
50018179;LA RUELLA;mequinenza@dpz.es;974.464.385
22010736;CHAVALINES;aytofiscal@aytofiscal.es;974.503.369
50600956;PATINETE;patinetezgz@hotmail.com;976.281.964
50600968;PETER PAN;melocorbacho@hotmail.com;976.336.405
50600971;PETETE;petete_zaragoza@hotmail.com;976.237.579
50600981;QUERUBIN 2;querubin@aceinzar.es;976.496.676
50018180;LA PARVADICA;laparvadica@gmail.com;976.139.639
50018192;LA PIRAÑA;einfantil-pirana@zaragoza.es;976.493.670
50601018;VIRGEN NIÑA;guarderiavirgennina@gmail.com;976.333.451
50600117;VIRGEN DE LA OLIVA;givirgendelaoliva@educa.aragon.es;976.661.144
50600129;SAN ANTONIO DE PADUA;gisanantonio@educa.aragon.es;976.864.436
50600130;ARAGÓN;giaragon@educa.aragon.es;976.385.033
50600142;INMACULADA CONCEPCIÓN;giinmaculada@educa.aragon.es;976.332.078
50600166;SANTA MARÍA DEL PILAR;gismdelpilar@educa.aragon.es;976.272.487
44600080;DE MORA DE RUBIELOS;guardemora@hotmail.com;978.806.031
44600134;MAFALDA;conchasorianodomingo@yahoo.es;978.608.653
44600021;SANTO ÁNGEL CUSTODIO;guarderiasantoangelalcanniz@aragon.es;978.870.960
50600531;NTRA. SRA. DE LOURDES;jluisjuste@telefonica.net;976.753.882
50006724;LICEO EUROPA;info@liceoeuropa.com;976.565.000
50900101;CENTRO DEL LIBRO DE ARAGÓN;;976.106.800
22010347;DE ALTORRICÓN;ayuntamiento@altorricon.org;974.425.002
50017941;EL BARQUITO DE PAPEL;barquitodepapelsm@yahoo.es;976.535.762
50018234;PEQUEÑOS MAESTROS AZUCARERA;cei.locomotora@hotmail.com;976.296.554
50018209;ZAGALICOS;ceizagalicos@hotmail.es;976.774.005
50600105;NUESTRA SEÑORA DEL CARMEN;ginsdelcarmen@educa.aragon.es;976.884.103
50600592;MAFALDA; marcocasado002@gmail.com;976.885.996
22600060;LA PAZ;gilapaz@educa.aragon.es;974.313.844
50600567;LA CARIDAD;fundacion@lacaridad.org;976.228.891
50017382;CHICOTES;susa_chicotes@yahoo.es;976.395.221
50601110;EL GARABATO;garabato@telefonica.net;976.322.710
50600993;QUERUBIN;;976.340.162
22010323;PIRINEOS-PYRÉNÉES;cppirhuesca@educa.aragon.es;974.213.678
50017862;AGUSTINA DE ARAGÓN;cpaarzaragoza@educa.aragon.es;976.799.499
50017874;EL ESPARTIDERO;cpespartidero@educa.aragon.es;976.582.061
50017898;REINO DE ARAGÓN;cpreinoaragon@educa.aragon.es;976.108.232
50017904;GALO PONTE;cpsmateo@educa.aragon.es;976.683.030
50017916;SAN ROQUE;ceipsanroque@educa.aragon.es;976.124.211
22600072;NUESTRA SEÑORA DE SAN LORENZOS;gisanlorenzo@educa.aragon.es;974.223.138
22600084;NUESTRA SEÑORA DE LA ALEGRÍA;ginsdelaalegria@educa.aragon.es;974.401.626
22600126;SANTA MARÍA LA BLANCA;aytoberbegal@aragon.es;974.301.001
22600230;DE LASPUÑA;lavalle@ctv.es;974.505.051
50018052;PATINETE;patinetezgz@hotmail.com;976.791.916
50018064;MI COLE;cei_micole@hotmail.com;876.266.235
44010562;DE AGUAVIVA;ayunagua@arrakis.es;978.848.234
44010574;DE BRONCHALES;ayuntamiento@bronchales.es;608.419.386
50018982;GLORIA FUERTES-PINSORO;escuelainfantil@aytoejea.es;976.677.556
50018933;MARGARITA;rcanon@calatayud.es;976.883.747
22010311;LA MAINADA;educacioninfantil@benasque.org;974.552.086
22010335;TRIAMOLETA;ayto@panticosa.es;974.487.016
50017931;LA COMETA;ayuntamiento@elburgodeebro.es;976.105.083
50017990;MI MUNDO;cei_mimundo@yahoo.es;976.124.679
50600154;MONSALUD;gimonsalud@educa.aragon.es;976.326.291
50900113;ESCUELA ARAGONESA DEL DEPORTE;escadeporte@aragon.es;976.714.621
22010359;LA CANALLA;aytobenabarre@aragon.es;974.543.310
22010700;DE TORRENTE DE CINCA;ayto.torrente@gmail.com;974.467.000
44010513;DE SANTA EULALIA;leonor@santaeulaliadelcampo.com;978.860.000
50018222;LA PAZ;escuelademusicalapaz@gmail.com;976.742.931
44010288;SALVADOR SALVADOR NAVARRO;secretaria@aytoescucha.com;978.757.925
22010529;VALLE DE BIELSA;secretaria@bielsa.com;974.501.000
22010542;ANDARINES;eiandarines1@gmail.com;974.280.151
44010458;DE CALACEITE;aytocalaceite@aragon.es;680.426.552
44010173;DE OJOS NEGROS;aytoojosnegros@aragon.es;978.865.257
44010185;SAGALETS (AULA DE MAZALEÓN);administracion@matarranya.org;978.890.860
50018027;DE SÁDABA;ayuntamiento@sadaba.es;976.675.433
50018039;ISABEL DE ARAGÓN;epila@dpz.es;976.603.452
44010471;DE RUBIELOS DE MORA;secretaria@aytorubielosdemora.com;978.804.144
44010495;DE VALDERROBRES;eeivalderrobres@hotmail.es;978.890.309
44010501;SAGALETS (AULA DE VALJUNQUERA);aytovaljunquera@gmail.com;978.899.045
50018581;CHIRIBILLAS;alfamen@dpz.es;976.626.210
50018593;DE ALPARTIR;alpartir@dpz.es;976.813.149
50018611;DE MORATA DE JALÓN;oficina@moratadejalon.org;976.605.018
50018623;PASICOS;alcaldia.muel@dpz.es;976.140.100
50018647;DE ONTINAR DE SALZ;alcalde@ontinardesalz.com;625.179.633
50018659;RENACUAJOS;pastriz@dpz.es;976.583.407
50018660;DE UNCASTILLO;AYTO.UNCASTILLO@terra.es;976.679.001
50018672;LA ESTRELLA;agomezcurto@ayto-utebo.es;976.773.758
50017886;LA AZUCARERA;iesazuzaragoza@educa.aragon.es;976.478.383
44010151;DE VALDERROBRES;aytovalde.secretaria@valderrobres.es;978.850.745
50018696;RISETAS;risetas@gmail.com;976.775.557
50018702;KID'S GARDEN REYES DE ARAGÓN;info@kidsgardenaragon.es;976.561.370
50018842;DE LA PUEBLA DE ALFINDÉN;ieslapuebla@educa.aragon.es;976.107.602
50600622;CLARA DE ASIS;guarderia_clarasis@yahoo.es;976.150.412
50600609;BAMBI-CASETAS;macsabla@ono.com;976.787.082
22010438;DE GURREA DE GÁLLEGO;escuelainfantilgurreadegallego@gmail.com;976.688.095
44010321;EL CASTILLO;hijar@hijar.com;978.820.508
50018349;LOS IBONES;einfantil-oliver@zaragoza.es;976.489.160
50018350;BRIOLETAS;einfantil-santaisabel@zaragoza.es;976.588.546
50018362;MARÍA URREA;einfantil-acturnorte@zaragoza.es;976.737.716
50018374;LA PAZ;einfantil-lapaz@zaragoza.es;976.272.348
22010463;LAS PAJARITAS;secretaria@huesca.es;974.245.988
22010475;DE NUENO;guardaytonueno@yahoo.es;974.101.608
44010331;DE ALBALATE DEL ARZOBISPO;ayuntamiento@albalatedelarzobispo.com;978.813.980
50018404;DE FUENDEJALÓN;fuendejalon@dpz.es;976.862.449
50018441;DE FUENTES DE EBRO;ayuntamiento@fuentesdeebro.es;976.169.120
22010487;DE BARBASTRO;escuelainfantil@barbastro.org;974.269.082
50018271;ROSALES DEL CANAL;cprdczaragoza@educa.aragon.es;876.241.565
22010499;DE PERALTA DE ALCOFEA;secretaria@peraltadealcofea.org;974.301.162
22010505;DE PUENTE LA REINA DE JACA;aytopuentelareinadejaca@hotmail.com;974.377.201
44010343;DE ALBARRACÍN;egomez@albarracin.es;978.700.392
44010367;LA REPLACETA;ayuntamientofoz@hotmail.com;978.846.951
50018489;EL CASTILLO;alsierra@dpz.es;976.627.222
44010380;DE TERUEL (SAN BLAS);educacion@teruel.net;978.221.839
50018416;CLARA CAMPOAMOR RODRÍGUEZ;iesclaracampoamor@educa.aragon.es;976.506.628
50018428;TORRE DE LOS ESPEJOS;iestorredelosespejos@educa.aragon.es;976.772.475
44010392;DE CANTAVIEJA;ayuntamiento@cantavieja.es;964.185.001
50018520;DE LUCENI;luceni@dpz.es;976.652.003
50018532;LA CUNICA;lacunica@hotmail.com;976.653.001
50018751;DE BUJARALOZ;aytobujaraloz@hotmail.com;976.173.241
50018465;DE NOVILLAS;novillas@dpz.es;976.861.084
50018477;DE JARABA;jaraba@dpz.es;680.805.485
44010379;SANTA ENGRACIA;aytomosqueruela@terra.es;978.807.007
50018490;PEDUGUINES;cei_peduguines@hotmail.com;876.246.240
50018507;JUEGO Y APRENDO;direccion@juegoyaprendo.net;976.508.382
22010517;DE ALCAMPELL;secretaria@alcampell.net;974.420.952
22010554;DE FONZ;administracion@fonz.es;974.412.001
44010483;DE TERUEL (BARRIO ARRABAL);educacion@teruel.net;978.609.120
50018601;GARABATOS;belchite@dpz.es;976.830.749
50018040;NUESTRA SEÑORA DE LORETO;lorena.gil@kidsco.es;976.709.090
50018155;MOLINER;fernandoromeroterrel@gmail.com;976.385.759
22010384;ESCUELA DE MONTAÑA DE ALQUÉZAR;era@prames.com;974.318.966
50018325;GLORIA FUERTES;escuelainfantil@aytoejea.es;976.677.556
50018313;ZAGALICOS;zagalicos@villanuevadegallego.org;976.451.342
50018453;LAS TORRES DE MONTECANAL;info@guarderiamontecanal.com;976.751.939
22010451;JOSÉ MARÍA CAMPO;escuelademusicaainsa@gmail.com;974.500.074
50018337;EL TREN;einfantil-tren@zaragoza.es;976.280.360
22010441;ALBADA;vicentelachen@gmail.com;974.240.983
50018398;ZAGALINES;direccion@zagalines.es;976.391.061
44010306;RICARDA GONZALO DE LIRIA;ayuntamiento@monrealdelcampo.com;978.863.008
50018301;BALTASAR GONZÁLEZ;esc.inf.bgonzalez@hotmail.es;976.868.277
22010396;KID'S GARDEN HUESCA;info@kidsgardenhuesca.com;974.701.211
50018167;ÉRASE UNA VEZ;duendeduca@gmail.com;976.736.464
22010301;ABABOL;ayuntamiento@binaced.org;974.427.001
50017850;EL DUENDE DEL BOSQUE;el_duende_del_bosque@hotmail.com;976.787.520
50018519;CHIQUILINES;info@guarderiachiquilines.es;976.934.709
50018881;EL ANDÉN;einfantil-delicias@zaragoza.es;976.348.103
44004550;FERNANDO LÁZARO CARRETER;iesutrillas@educa.aragon.es;978.758.050
44004562;MANUEL FRANCO ROYO;cpmfrandorra@educa.aragon.es;978.843.515
44005207;LOBETANO;iesalbarracin@educa.aragon.es;978.710.215
44005220;DE ANDORRA;cpeaandorra@educa.aragon.es;978.880.454
44010008;ESCUELA DE MÚSICA;secretario@alcorisa.org;978.840.705
44010011;ESCUELA DE HOSTELERÍA Y TURISMO DE TERUE;esuhosteruel@educa.aragon.es;978.600.135
44010021;DE TERUEL;eoiteruel@educa.aragon.es;978.863.511
44010033;DE TERUEL;iesutrillas@educa.aragon.es;978.758.050
44010045;DE TERUEL;eoiteruel@educa.aragon.es;978.730.137
50004703;ALFONSO I EL BATALLADOR;cpabtauste@educa.aragon.es;976.854.192
50017291;NUESTRA SEÑORA DE LA PAZ;ceintrasradelapaz@hotmail.com;976.272.789
50017308;LA VIRGEN NIÑA;mmdominivic@yahoo.es;976.379.296
50017311;DE ARAGÓN;administracion@esda.es;976.237.545
50004545;JOAQUÍN COSTA;cpjctarazona@educa.aragon.es;976.640.614
50004570;SAGRADA FAMILIA;sfamiliaz@planalfa.es;976.640.768
50004594;NTRA. SRA. DEL PILAR;cpilartarazona@hotmail.com;976.640.500
50011355;DEL EBRO;cragelsa@educa.aragon.es;976.176.626
50011367;VICORT-ISUELA;craelfrasno@educa.aragon.es;976.609.376
50011379;LA HUECHA;cramagallon@educa.aragon.es;976.858.178
50011380;ORBA;craorba@educa.aragon.es;976.140.387
50011392;LA CEPA;crapaniza@educa.aragon.es;976.622.940
50011409;LA SABINA;cravillafrancae@educa.aragon.es;976.167.183
50011410;LOS BAÑALES;crasadaba@educa.aragon.es;976.675.290
50011422;BAJO GÁLLEGO;cralecinena@educa.aragon.es;976.168.084
22000585;RAMÓN Y CAJAL;cpayerbe@educa.aragon.es;974.380.028
22002405;SAN JOSÉ;ceisanjosehuesca@yahoo.es;974.220.774
22002417;SANTA ANA;santaanahu@planalfa.es;974.220.270
22002430;SAN BERNARDO;salesianos.huesca@salesianos.org;974.221.800
22002466;SANTA ROSA-ALTOARAGÓN;santarosa.altoaragon@colegiosfec.com;974.238.625
22002478;SAN VIATOR;csv59hue@planalfa.es;974.238.112
50005495;SANSUEÑA;sansuena@fomento.edu;976.561.000
22003902;SAN ALBERTO MAGNO;iesamsabinanigo@educa.aragon.es;974.480.179
22003926;MIGUEL SERVET;cpsenegue@educa.aragon.es;974.484.300
50002937;MANLIA;cpcmmallen@educa.aragon.es;976.850.394
50003711;LA PORTALADA;cppastriz@educa.aragon.es;976.583.049
50003735;CERVANTES;cppedrola@educa.aragon.es;976.615.281
50010478;CIUDAD DE ZARAGOZA;cpczazaragoza@educa.aragon.es;976.314.620
50010481;CORTES DE ARAGÓN;cpcarazaragoza@educa.aragon.es;976.512.111
50010491;SANTIAGO HERNÁNDEZ;iesshezaragoza@educa.aragon.es;976.324.200
50011434;DE FUENTES DE EBRO;cpeafuentes@educa.aragon.es;976.169.090
50011446;GÓMEZ LAFUENTE;cpeaglazaragoza@educa.aragon.es;976.469.146
50011124;CUEVAS DEL JALÓN;cracuevasdeljalon@educa.aragon.es;976.601.617
22000071;ASUNCIÓN PAÑART MONTANER;cpainsa@educa.aragon.es;974.510.040
22000056;VERO-ALCANADRE;craadahuesca@educa.aragon.es;974.318.297
50006931;JESÚS REPARADOR;agusa_69@yahoo.es;976.221.388
44005104;VALLE DEL GUADALOPE;iescalanda@educa.aragon.es;978.846.002
44005116;GÚDAR-JAVALAMBRE;iesmora@educa.aragon.es;978.800.409
44005128;SIERRA PALOMERA;iescella@educa.aragon.es;978.653.312
44005131;ALGARS;cracretas@educa.aragon.es;978.890.473
44004483;JAVALAMBRE;cramanzanera@educa.aragon.es;978.781.813
44004495;SIERRA DE ALBARRACÍN;cratramacastilla@educa.aragon.es;978.706.940
44002541;TERUEL UNO;craperalesa@educa.aragon.es;978.775.282
50005276;PINTOR PRADILLA;cpppvillanuevag@educa.aragon.es;976.180.178
50005291;SAN BLAS;ceipsanblas@educa.aragon.es;976.143.493
50005331;FERNANDO EL CATÓLICO;cpvillarrealh@educa.aragon.es;976.807.219
22003215;JOAQUÍN COSTA;cpjcmonzon@educa.aragon.es;974.400.819
22003239;SANTO DOMINGO SAVIO;colegio.monzon@salesianos.org;974.416.888
22003252;SANTA ANA;santaanam@colegiosaragon.org;974.400.721
22003276;MINTE;colegio.minte@telefonica.net;974.416.835
50009166;JOSÉ MANUEL BLECUA;iesjmbzaragoza@educa.aragon.es;976.258.620
22001073;VÍCTOR MENDOZA MENDOZA;cpbinefar@educa.aragon.es;974.428.350
22001085;VIRGEN DEL ROMERAL;virgenromeral@colegiosaragon.org;974.428.084
50010511;TIEMPOS MODERNOS;centro@iestiemposmodernos.com;976.525.302
50010533;CABAÑAS;iesalmunia@gmail.com;976.812.480
50003206;LUCAS ARRIBAS;cpmorataja@educa.aragon.es;976.605.293
50001088;SALVADOR MINGUIJÓN;cpsmcalatayud@educa.aragon.es;976.881.671
50001121;SANTA ANA;secretaria@santanacalatayud.com;976.882.022
50001167;LEONARDO DE CHABACIER;ieslchcalatayud@educa.aragon.es;976.881.015
50001179;EMILIO JIMENO;iesejcalatayud@educa.aragon.es;976.881.009
50000151;NTRA. SRA DEL CASTILLO;nscastillo@nscastillo.com;976.610.290
50000862;SANTA ANA;santanaborja@telefonica.net;976.867.140
50000874;JUAN DE LANUZA;iesborja@educa.aragon.es;976.867.368
50000904;DIPUTACIÓN PROVINCIAL;cpbrea@educa.aragon.es;976.824.333
22003288;JOSÉ MOR DE FUENTES;iesmonzon@educa.aragon.es;974.401.630
22001191;VIRGEN DE LA SOLEDAD;cpbolea@educa.aragon.es;974.272.562
22001218;DE BOLTAÑA;ehboltana@educa.aragon.es;974.502.470
44003077;LAS VIÑAS;semimen@planalfa.es;978.617.115
44003090;PIERRES VEDEL;cppvteruel@educa.aragon.es;978.603.257
44003107;MIGUEL VALLÉS;cpmvteruel@educa.aragon.es;978.603.911
44003120;LAS ANEJAS;cplateruel@educa.aragon.es;978.603.587
50003048;MARÍA QUINTANA;cpmequinenza@educa.aragon.es;974.464.270
22004773;LUCAS MALLADA;ieslmahuesca@educa.aragon.es;974.244.834
22004839;MONTE OROEL;monteoroel@monteoroel.org;974.356.459
22004840;ARAGÓN;cparmonzon@educa.aragon.es;974.400.314
50011136;EL ENEBRO;crasabinan@educa.aragon.es;976.825.560
50011148;ARANDA-ISUELA;cragotor@educa.aragon.es;976.821.078
50011161;RÍO RIBOTA;craaninon@educa.aragon.es;976.896.128
50011173;EL MIRADOR;cramoros@educa.aragon.es;976.847.027
50009646;MARÍA-SORIANO;colegiomaria.soriano@gmail.com;976.338.976
50009348;AVEMPACE;avempace@avempace.com;976.518.666
50008952;RAMÓN Y CAJAL;cpcuarte@educa.aragon.es;976.463.295
50008976;ANTONIO MACHADO;colegio@colegioantoniomachado.com;976.460.860
50009026;LICEO EUROPA;info@liceoeuropa.com;976.565.000
44003156;VICTORIA DÍEZ;victoriadiez@planalfa.es;978.620.131
50005513;SAGRADA FAMILIA;sfamilia@csafa.com;976.560.125
50005537;MADRE MARÍA ROSA MOLAS;colegio@mariarosamolas.com;976.563.238
50005549;BRITÁNICO DE ARAGÓN;secretaria@britanico-aragon.edu;976.505.223
50005550;RICARDO MUR;cprmuzaragoza@educa.aragon.es;976.788.846
50005562;SAN MIGUEL;976771137@telefonica.net;976.771.137
50005574;GUSTAVO ADOLFO BÉCQUER;cpgabzaragoza@educa.aragon.es;976.780.345
44004884;DE VALDERROBRES;cpeavalderrobres@educa.aragon.es;978.890.899
44005190;SEGUNDO DE CHOMÓN;iescantavieja@educa.aragon.es;964.185.110
22004271;SAN MIGUEL;cpsmtamarite@educa.aragon.es;974.420.371
50011185;MESA-PIEDRA-ALTO CAMPILLO;craibdes@educa.aragon.es;976.872.769
50011197;CERRO DE SANTA CRUZ;craused@educa.aragon.es;976.809.112
50011203;L' ALBARDÍN;craazuara@educa.aragon.es;976.834.088
50011215;MONLORA;craerla@educa.aragon.es;976.694.161
50011227;BÉCQUER;cranovallas@educa.aragon.es;976.198.149
50011240;LUIS BUÑUEL;crapinsoro@educa.aragon.es;976.673.852
44003211;SANTA EMERENCIANA;iessemteruel@educa.aragon.es;978.620.564
44003223;SEGUNDO DE CHOMÓN;iesschteruel@educa.aragon.es;978.601.321
44003235;VEGA DEL TURIA;iesvtteruel@educa.aragon.es;978.602.644
44003247;FRANCÉS DE ARANDA;iesfrateruel@educa.aragon.es;978.602.542
44003259;ARBOLEDA;ceealteruel@educa.aragon.es;978.602.820
44003260;DE TERUEL;ehteruel@educa.aragon.es;978.603.233
44003272;ENSANCHE;cpenteruel@educa.aragon.es;978.603.861
44003284;ESCUELA DE ARTE DE TERUEL;earteruel@educa.aragon.es;978.602.635
44004574;RÍO GUADALOPE;cpeaalcaniz@educa.aragon.es;978.870.555
22005030;MONEGROS-GASPAR LAX;iessarinena@educa.aragon.es;974.571.114
22005054;VIRGEN DE LOS RÍOS;cpcaldearenas@educa.aragon.es;974.359.796
22005121;SAN LORENZO;cpifpsanlorenzo@educa.aragon.es;974.243.633
22005133;ANTONIO VIÑUALES GRACIA;cpmhuesca@educa.aragon.es;974.243.617
22005145;DE HUESCA;contacto.escueladeartedehuesca@gmail.com;974.240.644
22005157;LA ALEGRÍA;ceemonzon@educa.aragon.es;974.415.814
22010232;CONCEPCIÓN BAÑERES;escinfantil@binefar.es;974.429.792
22010244;LA CANTERA;lacanteratierz@gmail.com;974.252.041
22010256;ENCANTARIA;encantaria@matazueras.com;974.313.350
22004608;SAN JUAN BAUTISTA;cpzaidin@educa.aragon.es;974.478.208
22004611;MARTÍNEZ VARGAS;iesmvbarbastro@educa.aragon.es;974.310.294
22004633;EL PARQUE;cpepahuesca@educa.aragon.es;974.221.038
44004926;DE RUBIELOS DE MORA;cpearubielos@educa.aragon.es;978.804.309
44004938;JILOCA;cpeacalamocha@educa.aragon.es;978.730.680
44004951;DE CELLA;cpeacella@educa.aragon.es;978.650.367
50006281;TOMÁS ALVIRA;cptalzaragoza@educa.aragon.es;976.423.300
50006311;BASILIO PARAÍSO;cpbpazaragoza@educa.aragon.es;976.552.846
50006074;MARCOS FRECHÍN;cpmfrzaragoza@educa.aragon.es;976.415.907
50009051;PLUS ULTRA;centro@plusultraformacion.com;976.226.144
22005480;CINCA MEDIO;cpeamonzon@educa.aragon.es;974.402.420
22005492;JACETANIA;cpeajaca@educa.aragon.es;974.362.875
22005509;RIBAGORZA;cpeagraus@educa.aragon.es;974.540.528
22005558;SOBRARBE;cpeaboltana@educa.aragon.es;974.502.322
22005561;ALTO GÁLLEGO;cpeasabinanigo@educa.aragon.es;974.483.258
22005583;MONEGROS;cpeasarinena@educa.aragon.es;974.571.116
22005595;IGNACIO LUZÁN;eoimonzon@educa.aragon.es;974.415.840
22005674;LA LLITERA;craalbelda@educa.aragon.es;974.421.407
22005686;MONTESNEGROS;crapenalba@educa.aragon.es;974.463.079
22005698;A REDOLADA;craperalta@educa.aragon.es;974.300.743
22005704;BAJA RIBAGORZA;cracapella@educa.aragon.es;974.540.432
44010318;MAFALDA-LAS VIÑAS;ceimafalda@colegiolasvinas.com;978.601.327
44000325;EL JUSTICIA DE ARAGÓN;cpalcorisa@educa.aragon.es;978.840.275
44010069;LA MALENA;escuelamalena@aytoandorra.es;978.842.214
44010070;DE TERUEL;earteruel@educa.aragon.es;978.602.635
44010082;VEO-VEO;martacalpehernandez@gmail.com;978.870.868
44010094;DUMBO;dumbocb@terra.es;978.610.483
50007613;BOSQUE TERNURA;ceibosqueternura@hotmail.com;976.332.450
50017576;DE SABIÑÁN;savinan@dpz.es;976.826.043
22003835;MONTECORONA;ceipmontecorona@educa.aragon.es;974.484.038
22003847;PUENTE SARDAS;cppssabinanigo@educa.aragon.es;974.480.462
22003860;SANTA ANA;sabihcsa@gmail.com;974.480.891
50007005;MADRE DE DIOS DE BEGOÑA;ceimdbegona@telefonica.net;976.338.119
50007017;MARÍA AUXILIADORA;titularzaragoza@salesianas.org;976.272.750
50007042;LA MILAGROSA;secretaria@lamilagrosazgz.com;976.279.606
44010100;JUAN SOBRARIAS;cpjsalcaniz@educa.aragon.es;978.834.035
44010112;DE ALCORISA;secretario@alcorisa.org;978.840.705
50000126;ARAGÓN;cpalagon@educa.aragon.es;976.611.354
44005141;ESCUELA DE MÚSICA;ayuntamiento@calanda.es;978.886.141
44004847;DE ALCORISA;cpeaalcorisa@educa.aragon.es;978.841.117
50001222;DOMINGO JIMÉNEZ BELTRÁN;cpdjbcalatorao@educa.aragon.es;976.607.367
50006815;LA SALLE FRANCISCANAS;colegio@lasallefranciscanas.com;976.551.250
50006840;HIJAS DE SAN JOSÉ;direccion@colegiohijasdesanjose.com;976.333.524
50006888;INMACULADA CONCEPCIÓN;cinmaculadazgz@telefonica.net;976.416.314
50005999;JERÓNIMO BLANCAS Y TOMÁS;cpjbtzaragoza@educa.aragon.es;976.345.342
50006001;JERÓNIMO ZURITA Y CASTRO;cpjzczaragoza@educa.aragon.es;976.404.608
50006013;JOAQUÍN COSTA;cpjcozaragoza@educa.aragon.es;976.235.565
50006025;JOSÉ MARÍA MIR;cpjmmzaragoza@educa.aragon.es;976.331.797
50006037;LA JOTA;cpljozaragoza@educa.aragon.es;976.474.129
50006049;JULIÁN SANZ IBÁÑEZ;cpjsizaragoza@educa.aragon.es;976.425.870
50006050;LUIS VIVES;cplvizaragoza@educa.aragon.es;976.271.308
50007066;MONTEARAGÓN;montearagon@fomento.edu;976.562.267
50007078;AGUSTÍN GERICÓ;direccionsec@agustingerico.com;976.410.077
50007421;SAGRADO CORAZÓN;secretaria.z@corazonistas.com;976.224.864
50007731;SANTA ANA;titular@colegiosantaana.org;976.385.811
50007777;SANTA MAGDALENA SOFÍA;secretaria.zaragoza@fesofiabarat.es;976.753.730
50007789;SANTA MARÍA DEL PILAR;secretaria@marianistas.net;976.258.787
50008770;RÍO ARBA;iestauste@educa.aragon.es;976.854.020
50008782;SANTA ENGRACIA;cpsengracia@educa.aragon.es;976.856.809
50008460;LUIS BUÑUEL;ieslbuzaragoza@educa.aragon.es;976.440.028
50008174;MIGUEL SERVET;iesmsezaragoza@educa.aragon.es;976.259.383
50018830;VADORREY-LES ALLÉES;cpvadorrey@educa.aragon.es;976.399.685
50007236;SALESIANO NTRA. SRA.DEL PILAR;secretaria.zaragoza@salesianos.edu;976.306.878
50007248;TERESIANO DEL PILAR;infosecretaria@tpilarzaragoza.escuelateresiana.com;976.348.095
50005768;GUILLERMO FATÁS;cpgfazaragoza@educa.aragon.es;976.465.825
50006751;ESCUELAS PÍAS;dirtitularepz@escolapiosemaus.org;976.440.222
50006414;VIRGEN DEL PILAR;iesvdpzaragoza@educa.aragon.es;976.306.009
50000291;BRIANDA DE LUNA;cpalfajarin@educa.aragon.es;976.100.135
50000369;ARZOBISPO DOMÉNECH;cpalmonacids@educa.aragon.es;976.627.002
50000370;NERTÓBRIGA;cpalmunia@educa.aragon.es;976.812.199
50000412;SALESIANOS LAVIAGA-CASTILLO;contable.laalmunia@salesianos.edu;976.812.420
50000436;RAMÓN Y CAJAL;cpalpartir@educa.aragon.es;976.813.001
44005153;CAMPO BELLO;crabello@educa.aragon.es;978.734.159
50002275;LUIS GARCÍA SÁINZ;cpgsfuentes@educa.aragon.es;976.160.101
50010727;ELAIOS;ieselazaragoza@educa.aragon.es;976.527.500
50010739;PILAR LORENGAR;iesplozaragoza@educa.aragon.es;976.475.966
50010740;FERNANDO LÁZARO CARRETER;eoiflc@educa.aragon.es;976.526.888
50010326;DE ARAGÓN;administracion@csma.es;976.716.980
50007674;ATADES, CENTRO DE EDUCACIÓN ESPECIAL SAN;director.sanmartin@atades.org;976.379.927
50007716;SAN VALERO;infoces@svalero.es;976.466.599
50008368;DOCTOR AZÚA;cpdazzaragoza@educa.aragon.es;976.306.592
50008371;CÉSAR AUGUSTO;cpcauzaragoza@educa.aragon.es;976.563.216
50008381;MARGARITA SALAS;ceipmargaritasalas@educa.aragon.es;976.560.875
50006426;ADVENTISTA RIGEL;direccion@colegiorigel.es;976.272.623
50006438;LA ALMOZARA;cplalzaragoza@educa.aragon.es;976.433.595
50006463;LA ANUNCIATA;secretaria.zaragoza@fefcoll.org;976.436.600
50007790;SANTA MARÍA REINA;secretaria@colegiosantamariareina.org;976.569.962
50007479;LA SALLE MONTEMOLÍN;administracion.montemolin@lasalle.es;976.416.306
50007492;LA SALLE-SANTO ANGEL;diresaz@lasalle.es;976.753.718
50007509;SAN AGUSTÍN;secretaria@agustinoszaragoza.com;976.224.844
50007534;SAN ANTONIO DE PADUA;direccion@ccsanantoniodepadua.com;976.385.155
44000121;ROMÁN GARCÍA;cpalbalate@educa.aragon.es;978.812.231
22010037;RÍO VERO;eoibarbastro@educa.aragon.es;974.110.360
22005820;ARCO IRIS;craconchel@educa.aragon.es;974.413.391
22005832;ALBEOS;crabelver@educa.aragon.es;974.468.126
22005844;VIOLADA MONEGROS;cratardienta@educa.aragon.es;974.253.241
22005856;LA SABINA;crarobres@educa.aragon.es;974.392.236
22005868;MONEGROS-HOYA;cralalueza@educa.aragon.es;974.575.146
22010086;DE ARAGÓN;esconres@educa.aragon.es;974.230.605
44000246;EMILIO DÍAZ;cpedalcaniz@educa.aragon.es;978.832.421
44000261;SAN VALERO;sanvalero@escolapiosemaus.org;978.831.155
44000271;LA INMACULADA;lainmaculadaalcaniz@gmail.com;978.831.087
50009531;RAMÓN SÁINZ DE VARANDA;cprsvzaragoza@educa.aragon.es;976.382.309
50009543;BENJAMÍN JARNÉS;iesfuentes@educa.aragon.es;976.160.887
50009567;RÍO GÁLLEGO;iesrgazaragoza@educa.aragon.es;976.588.170
50009580;MIRAFLORES;cpmirzaragoza@educa.aragon.es;976.493.105
50009592;GALLICUM;ieszuera@educa.aragon.es;976.680.341
50006128;SAN BRAULIO;cpsbrzaragoza@educa.aragon.es;976.514.335
50006141;SANTO DOMINGO;cpsdozaragoza@educa.aragon.es;976.440.703
50006153;SAN JOSÉ DE CALASANZ;cpsjczaragoza@educa.aragon.es;976.411.217
50006165;TÍO JORGE;cptjozaragoza@educa.aragon.es;976.514.876
50004612;MONCAYO;cpcmtarazona@educa.aragon.es;976.641.685
50003981;JOAQUÍN COSTA;cppradilla@educa.aragon.es;976.860.216
50004004;LOS ALBARES;cpalfinden@educa.aragon.es;976.455.586
22000706;FRANCISCO GALIAY SARAÑANA;cpballobar@educa.aragon.es;974.461.197
44000465;JUAN RAMÓN ALEGRE;cpjraandorra@educa.aragon.es;978.842.190
22010049;DE SABIÑÁNIGO;eoisabinanigo@educa.aragon.es;974.361.847
22010050;LAS OCAS;;974.246.550
22010062;LO NIU;loniu@albelda.es;974.420.202
22010074;CLUB MINNIE;centroeducativo@clubminnie.com;974.246.490
50001180;ACADEMIA DE LOGÍSTICA DEL EJÉRCITO DE TI;alogisticacalatayud@educa.aragon.es;876.633.000
50000850;CAMPO DE BORJA;cpcbborja@educa.aragon.es;976.867.217
50007133;NTRA. SRA. DEL CARMEN;nscarmen@colegiosfec.com;976.221.439
50007157;NTRA. SRA. DEL CARMEN Y SAN JOSÉ;elcarmenysanjose@hijascaridadee.org;976.430.505
50007194;NTRA. SRA. DE LA MERCED;administracion@zaragoza.femlamerced.org;976.276.583
50010041;PEDRO CERRADA;iesutebo@educa.aragon.es;976.774.255
50017552;DE TAUSTE;oficinas.tauste@dpz.es;976.854.001
50017564;DE SANTA ENGRACIA;santaengracia@dpz.es;976.856.713
22000721;ALTO ARAGÓN;cpaabarbastro@educa.aragon.es;974.311.976
22000731;LA MERCED;cplmbarbastro@educa.aragon.es;974.306.275
22000767;SAN VICENTE DE PAÚL;svpaulbar@planalfa.es;974.310.295
22000779;SAN JOSÉ DE CALASANZ;sjcalasanzbar@escolapiosemaus.org;974.314.331
22000809;HERMANOS ARGENSOLA;ieshabarbastro@educa.aragon.es;974.311.738
22002119;SANTIAGO APÓSTOL;cpsaphuesca@educa.aragon.es;974.390.203
22002156;JOAQUÍN COSTA;cpjcgraus@educa.aragon.es;974.540.118
50008186;RAMÓN PIGNATELLI;secretaria@iespignatelli.es;976.333.878
50008198;GOYA;iesgoyzaragoza@educa.aragon.es;976.557.023
50001301;SANTO CRISTO DE SANTIAGO;cpcarinena@educa.aragon.es;976.620.896
50001349;JOAQUÍN COSTA;iescarinena@educa.aragon.es;976.620.120
50001350;COMPROMISO DE CASPE;cpcccaspe@educa.aragon.es;976.630.569
50001362;SANTA ANA;colegio@santaanacaspe.com;976.630.396
44002221;SAN MIGUEL;cpsmmora@educa.aragon.es;978.800.192
50006207;CALIXTO ARIÑO-HILARIO VAL;cpcarzaragoza@educa.aragon.es;976.413.997
50006219;EMILIO MORENO CALVETE;cpemczaragoza@educa.aragon.es;976.531.938
50006220;HILARIÓN GIMENO;cphgizaragoza@educa.aragon.es;976.399.138
50006232;JUAN XXIII;cpjxizaragoza@educa.aragon.es;976.337.478
50001064;BALTASAR GRACIÁN;cpbgcalatayud@educa.aragon.es;976.881.652
50001076;FRANCISCO DE GOYA;cpfgcalatayud@educa.aragon.es;976.882.696
50001672;LUCIO FABIO SEVERO;cpchiprana@educa.aragon.es;976.637.250
50001702;PEDRO SÁNCHEZ CIRUELO;cpscdaroca@educa.aragon.es;976.800.879
50001738;PUERTA DE ZARAGOZA;ehdaroca@educa.aragon.es;976.800.233
50001763;CERVANTES;cpcervantesejea@educa.aragon.es;976.661.511
50001775;FERRER Y RACAJ;cpfrejea@educa.aragon.es;976.662.766
50001799;NTRA. SRA. DE LAS MERCEDES;direccion@mercedariasejea.com;976.663.636
50001829;E.F.A. BOALARES;boalares@efasdearagon.es;976.661.456
50001830;REYES CATÓLICOS;iesrcejea@educa.aragon.es;976.660.645
50003838;SANTA MARÍA DE LA ESPERANZA;smesperanzape@planalfa.es;976.165.047
50003851;MIGUEL ARTIGAS;cppinseque@educa.aragon.es;976.617.373
50003863;E.F.A. LA NORIA;lanoria@efasdearagon.org;976.617.155
50002329;MARÍA DOMÍNGUEZ;cpgallur@educa.aragon.es;976.864.845
50002433;SAN JORGE;cpherrera@educa.aragon.es;976.143.106
50004031;FERNANDO EL CATÓLICO;cpquinto@educa.aragon.es;976.177.302
50004430;SUBPRADEL;cpsobradiel@educa.aragon.es;976.139.116
50004053;ALFREDO MUIÑOS;cpremolinos@educa.aragon.es;976.618.356
50004843;MONTES DEL CASTELLAR;cptorresb@educa.aragon.es;976.653.110
50005896;ANA MAYAYO;cpamazaragoza@educa.aragon.es;976.332.797
50005902;ANDRÉS MANJÓN;cpamanzaragoza@educa.aragon.es;976.331.728
50005914;RECARTE Y ORNAT;cpryozaragoza@educa.aragon.es;976.352.338
50005926;CÁNDIDO DOMINGO;cpcdozaragoza@educa.aragon.es;976.293.812
50005951;DOMINGO MIRAL;cpdmizaragoza@educa.aragon.es;976.275.628
50005963;FERNANDO EL CATÓLICO;cpfeczaragoza@educa.aragon.es;976.332.032
50005975;GASCÓN Y MARÍN;cpgymzaragoza@educa.aragon.es;976.231.960
44001706;LUIS TURÓN;cplthijar@educa.aragon.es;978.820.104
44003715;VICENTE FERRER RAMOS;cpvfvalderrobres@educa.aragon.es;978.850.655
50011252;ZAURÍN;iesateca@educa.aragon.es;976.842.110
50011264;DE ZARAGOZA;cpmzaragoza@educa.aragon.es;976.201.928
50011288;CASTILLO QADRIT;cpicastilloqadrit@educa.aragon.es;976.125.079
50011291;LAS VIÑAS;crafuendejalon@educa.aragon.es;976.862.131
50011306;MATEO VALERO;cpalfamen@educa.aragon.es;976.626.060
50011318;PUERTA DE ARAGÓN;craariza@educa.aragon.es;976.845.271
50011321;L' ALBADA;crabujaraloz@educa.aragon.es;976.173.170
50011331;MARÍA MOLINER;craburgo@educa.aragon.es;976.105.253
50011343;FABARA-NONASPE DOS AGUAS;crafabara@educa.aragon.es;976.635.044
50007327;EL PILAR-MARISTAS;secretaria@elpilarmaristas.org;976.519.655
50007352;POMPILIANO;pompiliano@fe-escolapias.org;976.276.492
50007376;LA PURÍSIMA PARA NIÑOS SORDOS;lpurisimansz@planalfa.es;976.552.749
50007388;LA PURÍSIMA Y SAN ANTONIO;colegio@lapurisimaysanantonio.es;976.202.253
50007728;SAN VICENTE DE PAÚL;svpaulz@planalfa.es;976.291.525
50009178;PABLO GARGALLO;iespagazaragoza@educa.aragon.es;976.385.012
50009208;TORRE RAMONA;cptrazaragoza@educa.aragon.es;976.418.477
50009211;FÉLIX DE AZARA;iesfazzaragoza@educa.aragon.es;976.347.690
50009221;SANTA AGATOCLIA;colegiosantaagatoclia@gmail.com;974.464.211
50009324;O.S.C.U.S.;zaragoza-es@oscus.org;976.281.996
22005960;SOMONTANO;cpeabarbastro@educa.aragon.es;974.306.433
44000799;RICARDO MALLÉN;cprmcalamocha@educa.aragon.es;978.730.234
22000251;JOSÉ MANUEL BLECUA;cpalcolea@educa.aragon.es;974.468.585
22000299;SANTOS SAMPER SARASA;cpssalmudevar@educa.aragon.es;974.250.218
44002061;VALERO SERRANO;cpvsmasmatas@educa.aragon.es;978.848.087
44002152;NTRA. SRA. DEL PILAR;cpspmonreal@educa.aragon.es;978.864.530
44002191;COMARCA CUENCAS MINERAS;cpmontalban@educa.aragon.es;978.750.285
50004879;TOSOS;cptosos@educa.aragon.es;976.147.022
50004946;DE UNDUÉS DE LERDA;ceipunduesdelerda@educa.aragon.es;948.888.217
44005001;CUENCA MINERA;cpeamontalban@educa.aragon.es;978.750.358
44005050;VIRGEN DE LOS PUEYOS;ssaenz@alcaniz.es;978.834.967
44005062;MATARRANYA;cracalaceit@educa.aragon.es;978.851.339
44005074;CUNA DEL JILOCA;crastaeulalia@educa.aragon.es;978.860.779
44005098;DAMIÁN FORMENT;iesalcorisate@educa.aragon.es;978.840.734
50002457;BENEDICTO XIII;cpbxillueca@educa.aragon.es;976.820.227
50002512;RAMÓN Y CAJAL;cplajoyosa@educa.aragon.es;976.651.155
22003343;SAN GREGORIO;cpontinena@educa.aragon.es;974.468.552
50002810;VIRGEN DEL PORTAL;cpmaella@educa.aragon.es;976.638.065
50017591;ENCLAVE DE AR-T;administrador@enclavedeart.com;976.134.485
50017539;LOS VIENTOS;einfantil-vientos@zaragoza.es;976.515.750
50017278;ESCUELA DE MÚSICA;ayuntamiento@pinadeebro.es;976.165.007
50017281;JOSÉ DE NEBRA;esmusica@calatayud.es;976.885.924
50018854;MAGIC FOREST;ceimagicforest@yahoo.com;691.963.960
50018571;LA JOTA 2;ceilajota@yahoo.es;976.475.008
22010578;NINONES;ninones2006@yahoo.es;974.502.416
22010591;DE CANAL DE BERDÚN;aytocanaldeberdun@aragon.es;974.371.927
50018866;MONIGOTES;info@monigoteszaragoza.com;976.551.126
22010712;PIRÁMIDE;cpifppiramide@educa.aragon.es;974.210.102
44010537;BAJO ARAGÓN;cpifpbajoaragon@educa.aragon.es;978.831.063
50018556;LUIS MANUEL GARCÍA URREA;administracion@montessorifp.com;976.306.100
22010608;DE VILLANÚA;aytovillanua@aragon.es;974.378.004
50018714;GARNACHICA;ainzon@dpz.es;976.868.069
50018726;LA SOLANA;administracion@aytoateca.es;976.842.005
22010566;DE BALLOBAR;aytoballobar@aragon.es;974.461.288
50018738;DE LECIÑENA;mjlabrador@monegros.net;976.166.146
50018741;DE PERDIGUERA;mjlabrador@monegros.net;976.168.965
22010611;DE ROBRES;mjlabrador@monegros.net;974.392.121
22010621;DE FRULA;mjlabrador@monegros.net;974.392.763
22010633;DE LALUEZA;mjlabrador@monegros.net;974.391.276
44010409;DE SARRIÓN;ayuntamiento@sarrion.es;606.357.231
44010410;DE VILLARQUEMADO;ayuntamiento@villarquemado.es;978.867.314
44010422;DE LA PUEBLA DE HÍJAR;aytopuebladehijar@aragon.es;978.826.202
44000829;VIRGEN DEL PILAR;cpvpcalanda@educa.aragon.es;978.846.109
22004104;LA LAGUNA;cpsarinena@educa.aragon.es;974.571.314
22004888;BAJO CINCA;iesbcfraga@educa.aragon.es;974.453.860
22004891;BIELLO ARAGÓN;iesbasabinanigo@educa.aragon.es;974.482.682
22004906;PEDRO I;cpp1barbastro@educa.aragon.es;974.312.521
22004189;ALBERTO GALINDO;cpsena@educa.aragon.es;974.578.345
44003028;DE SAN BLAS;ifpeteruel@educa.aragon.es;978.618.820
44003041;LA SALLE-SAN JOSÉ;colegioteruel@lasallevp.es;978.617.178
22001875;MIGUEL SERVET;cpmsfraga@educa.aragon.es;974.470.498
22001887;SAN JOSÉ DE CALASANZ;cpjcfraga@educa.aragon.es;974.472.706
22001899;SANTA ANA;csantanafraga@gmail.com;974.471.862
22001905;LITERA;cplitera@educa.aragon.es;974.470.430
22001917;RAMÓN J. SENDER;iesrsfraga@educa.aragon.es;974.470.144
22005200;PEDRO J. RUBIO;cppjrhuesca@educa.aragon.es;974.229.312
22005212;DE HUESCA;eoihuesca@educa.aragon.es;974.240.299
22005224;PILAR BAYONA;escuelamusica@aytojaca.es;974.355.528
22005340;VALLE DEL GUARGA;cpaineto@educa.aragon.es;974.337.950
22004566;COLLARADA;cpvillanua@educa.aragon.es;974.378.043
22004578;MIGUEL SERVET;cpvillanuevas@educa.aragon.es;974.578.420
50005011;MIGUEL ARTAZOS TAMÉ;cpmautebo@educa.aragon.es;976.771.128
50004326;DANIEL FEDERIO;cpsastago@educa.aragon.es;976.178.100
22005364;ESCUELA DE MÚSICA;escmusica@binefar.es;974.429.785
22004943;NUESTRA SEÑORA DE GUAYENTE;escuelahosteleria@guayente.info;974.551.327
22004955;MIGUEL HERNÁNDEZ;cpeahuesca@educa.aragon.es;974.241.504
22005479;LITERA;cpeatamarite@educa.aragon.es;974.421.919
22005911;INSTITUTO MUSICAL COMARCAL;imusical@fraga.org;974.470.989
22002341;SANCHO RAMÍREZ;cpsrahuesca@educa.aragon.es;974.242.483
22002351;SAN VICENTE;cpsvihuesca@educa.aragon.es;974.220.625
22002016;LA FUEVA;cptierrantona@educa.aragon.es;974.507.141
50010454;ADAGIO;estudioadagio@hotmail.com;976.232.601
22003100;SAN GINÉS;cplupinen@educa.aragon.es;974.270.024
22002491;MONTEARAGÓN;cpifpmontearagon@educa.aragon.es;974.242.673
22002508;RAMÓN Y CAJAL;iesrychuesca@educa.aragon.es;974.220.436
22002511;PIRÁMIDE;iespirhuesca@educa.aragon.es;974.210.012
22002521;SIERRA DE GUARA;iessguhuesca@educa.aragon.es;974.243.477
22002569;ALCORAZ;cpalchuesca@educa.aragon.es;974.210.308
50018684;LOS ZAGALES;A_villafranca@terra.es;976.167.001
44010550;DE LA MATA DE LOS OLMOS;aytolamata@yahoo.es;978.849.154
22010645;ARBOLEDA;mjlabrador@monegros.net;974.391.276
22010657;DE LANAJA;mjlabrador@monegros.net;974.391.276
22010669;DE GRAÑÉN;mjlabrador@monegros.net;974.390.252
22010670;DE SARIÑENA;mjlabrador@monegros.net;669.194.527
50018763;DE COSUENDA;cosuenda@dpz.es;976.627.081
50018775;SAN JUAN BAUTISTA;;
50018787;ARCO-IRIS;magjulia@telefonica.net;976.858.101
22010694;CLARA CAMPOAMOR;escuelainfantil@monzon.es;974.415.296
50018799;DE PEDROLA;;
50018805;POMPITAS;sanmateo@dpz.es;976.684.180
44010525;DE TERUEL (VILLASPESA);educacion@teruel.net;978.221.640
22010682;DE ALCUBIERRE;aytoalcubierre@aragon.es;974.574.263
22010581;LA CASITA BLANCA;casitablanca@hotmail.es;974.372.041
50010387;ALBORADA;cpeealborada@gmail.com;976.510.520
22006061;PATI;ceipatifraga@gmail.com;974.473.568
22006083;PIRÁMIDE;iesalmudevar@educa.aragon.es;974.250.266
22006095;DE CASTEJÓN DE SOS;iescastejons@educa.aragon.es;974.553.308
22006101;MONTES NEGROS;iesgranen@educa.aragon.es;974.390.303
22006113;CINCA-ALCANADRE;iesalcolea@educa.aragon.es;974.468.236
22006125;BIELLO ARAGÓN;jefaturabiescas@iesbielloaragon.es;974.495.634
22006137;VALLE DE BENASQUE;cesbenasque@hotmail.com;974.552.107
22010013;DE SALLENT DE GÁLLEGO;guardesallent@hotmail.com;974.488.274
22010025;DE MONZÓN;eoimonzon@educa.aragon.es;974.470.144
44004598;MATARRAÑA;iesvalderrobres@educa.aragon.es;978.850.647
44004604;ESCUELA DE MÚSICA Y DANZA DE ANDORRA;unipop@andorra.infonegocio.com;978.844.200
44004616;MAESTRAZGO GÚDAR;cramosqueruela@educa.aragon.es;978.805.218
44004628;TURIA;crasanblas@educa.aragon.es;978.617.557
44004653;PABLO SERRANO;iesandorra@educa.aragon.es;978.842.162
44004665;SALVADOR VICTORIA;iesmonreal@educa.aragon.es;978.863.511
44004689;GOYA;cracaminreal@educa.aragon.es;978.862.015
50018911;LA CUEVA ENCANTADA;escuelainfantilalfajarin@hotmail.com;976.101.234
22002843;MONEGROS NORTE;cralanaja@educa.aragon.es;974.574.245
44010434;PRIMEROS PASOS;scd@infonegocio.com;978.730.825
22700145;BUBAL-PROGRAMA PUEBLOS ABANDONADOS;ppabubal@educa.aragon.es;974.487.164
44010148;SANTA BÁRBARA;a.castelseras@mezquin.com;978.877.340
22010748;SANTA CATALINA;eisantacatalina@hotmail.com;974.469.912
50018829;CORONA DE ARAGÓN;cpifpcorona@educa.aragon.es;976.467.000
50018817;CATALINA DE ARAGÓN;ceipcatalinadearagon@educa.aragon.es;976.506.811
50002007;GASPAR REMIRO;cpepila@educa.aragon.es;976.603.990
50017321;BALLARÍN GAY;eeipinseque@gmail.com;976.617.198
50017345;EL MANZANO;info@ceielmanzano.com;976.063.063
50017369;ANGEL RIVIÈRE;ceeangelriviere@gmail.com;976.493.903
50017400;PABLO NASSARRE;;976.250.848
50017412;ESCUELA DE MÚSICA;cultura.almunia@telefonica.net;976.601.085
50006633;COMPAÑÍA DE MARÍA;secretaria@ciamariaz.org;976.221.863
50006669;CRISTO REY;cristorey@escolapiosemaus.org;976.514.422
50006670;LENGUATRAPO;luxia83@hotmail.com;976.516.601
50006682;DIVINA PASTORA;colegio.divinapastora@hotmail.com;976.271.042
50006700;DON BOSCO;donbosco@colegiodonbosco.es;976.396.619
50006736;LYCÉE FRANÇAIS MOLIÈRE;moliere-zaragoza@lyceemoliere.com;976.525.444
50011771;GARRAPINIÑOS;mamen.mp@hotmail.com;976.780.921
50011471;DE LA ALMUNIA DE DOÑA GODINA;cepaalmunia@educa.aragon.es;976.812.546
50011483;DE DAROCA;epadaroca@gmail.com;976.800.548
50011495;CONSERVATORIO MUNICIPAL ELEMENTAL MÚSICA;conservatoriomusica@zaragoza.es;976.724.960
50011513;TUBALCAÍN;iestarazona@educa.aragon.es;976.642.915
50011525;MIGUEL CATALÁN;iesmcazaragoza@educa.aragon.es;976.402.004
50011537;RINCÓN DE GOYA;ceergzaragoza@educa.aragon.es;976.255.545
50011549;ESCUELA DE MÚSICA Y DANZA;escuelamusica@zaragoza.es;976.721.799
50011550;RAMÓN Y CAJAL;iesryczaragoza@educa.aragon.es;976.405.180
50008277;JERÓNIMO ZURITA;iesjerzaragoza@educa.aragon.es;976.353.361
50008289;PEDRO DE LUNA;iespluzaragoza@educa.aragon.es;976.290.249
50008332;ROMAREDA;director@colegioromareda.com;976.562.017
50008344;ESCOLANÍA INFANTES DEL PILAR;sec.infantes@gmail.com;976.298.273
50008654;CEFOR IZQUIERDO;ciclos@izquierdofp.es;976.486.271
50009129;CINCO VILLAS;iescvejea@educa.aragon.es;976.660.008
50009142;HEIDI;ciheidi@ono.com;976.411.948
50010156;MIRALBUENO;iesmirzaragoza@educa.aragon.es;976.330.450
50010168;CONDES DE ARAGÓN;fpcondesdearagon@gmail.com;976.354.880
50010171;HERMANOS MARX;cphmazaragoza@educa.aragon.es;976.513.402
50010181;HISPANIDAD;cphiszaragoza@educa.aragon.es;976.329.898
50010193;PUERTA DE SANCHO;cppsazaragoza@educa.aragon.es;976.443.577
50008915;SAN GERMÁN;sangermanaspace@gmail.com;976.516.522
50007431;SAGRADO CORAZÓN DE JESÚS;colegioscj@fsbarat.org;976.466.282
50006761;ESCOLAPIAS SANTA ENGRACIA;miraflores@fe-escolapias.org;976.371.068
50006797;PADRE ENRIQUE DE OSSÓ;direcciongeneral@eossozaragoza.escuelateresiana.com;976.331.838
50008459;EL PORTILLO;iesporzaragoza@educa.aragon.es;976.336.433
50008149;EUGENIO LÓPEZ Y LÓPEZ;cpellzaragoza@educa.aragon.es;976.518.555
50007807;SANTA ROSA;dirgeneral.santarosa@fesd.es;976.222.699
50007856;OBRA DIOCESANA SANTO DOMINGO DE SILOS;odsds@planalfa.es;976.424.947
50010867;MIGUEL HERNÁNDEZ;cpeamhezaragoza@educa.aragon.es;976.785.476
50010879;MARGEN IZQUIERDA;cpeamizzaragoza@educa.aragon.es;976.392.657
50010880;JUAN JOSÉ LORENTE;cpeajjlzaragoza@educa.aragon.es;976.313.199
50010892;JOHAN FERRÁNDEZ D'HEREDIA;eoicalatayud@educa.aragon.es;976.885.542
50010909;DE EJEA DE LOS CABALLEROS;eoiejea@educa.aragon.es;976.663.544
50010922;DE TARAZONA;cemtarazona@educa.aragon.es;976.643.561
50008514;DE ZARAGOZA;eartezaragoza@educa.aragon.es;976.506.621
44004306;LA FUENFRESCA;cplfteruel@educa.aragon.es;978.600.301
44004318;DE TERUEL;eoiteruel@educa.aragon.es;978.620.557
44004331;JOSÉ PERIS LACASA;cpmalcaniz@educa.aragon.es;978.831.898
44004446;DE ALCAÑIZ;eoialcaniz@educa.aragon.es;978.832.936
44003636;VILLA DE UTRILLAS;cpvutrillas@educa.aragon.es;978.757.226
22005716;ESTADILLA-FONZ;crafonz@educa.aragon.es;974.412.031
22005728;MONTEARAGÓN;crachimillas@educa.aragon.es;974.252.151
22005731;ALTO GÁLLEGO;crabiescas@educa.aragon.es;974.485.308
22005741;EL TRÉBOL;crabinaced@educa.aragon.es;974.427.131
22005765;PIRINEOS;iespijaca@educa.aragon.es;974.355.857
22005789;RÍO ARAGÓN;direccion@crarioaragon.es;974.377.049
50017448;GIL TARÍN;cpgtlamuela@educa.aragon.es;976.144.255
50017451;PARQUE EUROPA;cputebo3@educa.aragon.es;976.787.480
50017461;CHIP Y CHOP;lcastrocordero@yahoo.es;976.742.707
50017503;OCÉANO ATLÁNTICO;info@oceanoatlantico.org;976.106.451
22005819;DE ALTORRICÓN;craaltorricon@educa.aragon.es;974.425.202
22005376;MIGUEL FLETA;cpmmonzon@educa.aragon.es;974.403.811
22005388;SIERRA DE SAN QUÍLEZ;iesbinefar@educa.aragon.es;974.428.295
22005391;LA LLITERA;iestamarite@educa.aragon.es;974.420.360
22005406;SOBRARBE;iesainsa@educa.aragon.es;974.500.056
22005431;DE PAÚLES DE SARSA;cppaules@educa.aragon.es;974.343.110
22005443;DE SABIÑÁNIGO;cpmsabinanigo@educa.aragon.es;974.482.834
22005881;ALTA RIBAGORZA;crabenasque@educa.aragon.es;974.551.180
22010098;ESCUELA ESPAÑOLA DE ESQUÍ;aeee@candanchu.com;974.373.324
22010104;LA COMETA;secretario@esplus.es;974.435.129
22010116;EL PÍ;eei@altorricon.com;974.425.201
22010128;CARDELINA;cardelina@aytosabinanigo.net;974.484.262
22010131;ESCUELA DE MÚSICA;emusica@barbastro.org;974.315.225
22010153;ARTE-MISS HUESCA;educacion@arte-miss.com;974.215.321
22010165;ESCUELA DE MONTAÑA DE BENASQUE;emb@prames.com;974.552.019
22010189;PARCHÍS;cristinaparchis@hotmail.com;974.709.411
22010190;EL TAMARINDO;escuelainfantil@tamaritedelitera.es;974.421.486
22010207;DE JACA;escuelainfantil@aytojaca.es;974.356.001
22005807;RIBERA DEL CINCA;cratorrente@educa.aragon.es;974.467.142
50017023;ALMOZARA;fernandoromeroterrel@gmail.com;976.443.804
50017035;DE BIOTA;AYTO.BIOTA@terra.es;976.670.014
50017047;ACTUR;fernandoromeroterrel@gmail.com;976.744.007
44001378;ANTONIO GARGALLO MOYA;cpagescucha@educa.aragon.es;978.758.127
50017540;DE LA ALMUNIA DE DOÑA GODINA;almunia@dpz.es;976.812.041
50017515;CENTRO NACIONAL DE ESTUDIOS E INVESTIGAC;educacion@anefs.es;976.488.981
44005165;ERAS DEL JILOCA;crapoyocid@educa.aragon.es;978.731.504
50006529;EL BUEN PASTOR;bpastorz@planalfa.es;976.273.762
50006542;CALASANCIO;calasanciozgz@escolapiosemaus.org;976.274.900
50006554;CALASANZ;escolapiascalasanz@planalfa.es;976.223.886
50006566;CARDENAL XAVIERRE;secretaria.xavierre@fesd.es;976.791.130
50006578;CANTÍN Y GAMBOA;cantin@cantinygamboa.com;976.223.211
50006581;COLEGIO MONTESSORI;administracion@fundacionmontessori.com;976.306.100
50002032;SAN JAVIER;cpsjescatron@educa.aragon.es;976.170.095
50002123;NTRA. SRA. DEL PILAR;cpfayon@educa.aragon.es;976.635.692
44002942;DE SARRIÓN;cpsarrion@educa.aragon.es;978.780.178
50010946;ANDALÁN;iesandzaragoza@educa.aragon.es;976.281.943
50010958;MIGUEL DE MOLINOS;iesmimozaragoza@educa.aragon.es;976.732.125
50010961;SIERRA DE LA VIRGEN;iesillueca@educa.aragon.es;976.822.544
50010995;MEDINA ALBAIDA;iesmalzaragoza@educa.aragon.es;976.491.900
50011008;RODANAS;iesepila@educa.aragon.es;976.817.090
50011021;EL PÓSITO;cpeatarazona@educa.aragon.es;976.642.482
50011033;DE UTEBO;eoiutebo@educa.aragon.es;976.785.962
50011045;DE TARAZONA;eoitarazona@educa.aragon.es;976.642.421
50011057;LA ALFRANCA;educacion@colegioingleszaragoza.org;976.573.030
50011069;ÁNGEL SANZ BRIZ;iesasbcasetas@educa.aragon.es;976.787.235
50011070;SIGLO XXI;iespedrola@educa.aragon.es;976.619.131
50011100;SAGRADO CORAZÓN-MONCAYO;secretaria.zm@corazonistas.com;976.751.259
50010764;ALEJO LORÉN ALBAREDA;cpalcaspe@educa.aragon.es;976.632.028
44004239;PEDRO LAÍN ENTRALGO;ieshijar@educa.aragon.es;978.820.876
44001159;ASTRÓNOMO ZARZOSO;ceipazcella@educa.aragon.es;978.653.505
50004077;MAESTRO MONREAL;cpricla@educa.aragon.es;976.606.294
50004478;ISIDORO GIL DE JAZ;cpsos@educa.aragon.es;948.888.202
50004481;MANUELA PÉREZ DE BIEL;ehsos@educa.aragon.es;948.888.020
22001358;CERBÍN;cpcampo@educa.aragon.es;974.550.180
50005707;FLORENCIO JARDIEL;cppenaflor@educa.aragon.es;976.154.291
50005422;ÁNGEL ESCORIAZA;cpaeszaragoza@educa.aragon.es;976.500.484
50005781;LA CONCEPCIÓN;laconcepcion@colegiosfec.com;976.570.322
50005793;ÍTACA;iesitazaragoza@educa.aragon.es;976.572.426
50005823;CONDES DE ARAGÓN;caragon@cece.es;976.330.300
22001437;LOS ARAÑONES;cpcanfranc@educa.aragon.es;974.373.015
50005872;MARIANO CASTILLO;cpmcazaragoza@educa.aragon.es;976.589.714
22010219;PASITO A PASO;ceipasitoapaso@gmail.com;974.244.848
22010220;ZIMBEL;info@guarderiazimbel.com;974.244.990
44005177;BAJO ARAGÓN;iesalcaniz@educa.aragon.es;978.831.063
50000163;CONDE ARANDA;iesalagon@educa.aragon.es;976.616.080
50003504;SAN NICASIO;cpnovillas@educa.aragon.es;976.861.197
22002727;DOMINGO MIRAL;iesdmjaca@educa.aragon.es;974.361.847
22002739;DE JACA;ehjaca@educa.aragon.es;974.362.067
22002740;INSTITUTO DE FORMACIÓN AGROAMBIENTAL;ifaja@aragon.es;974.356.819
50000618;VIRGEN DE LA PEANA;cpvpateca@educa.aragon.es;976.842.069
50000722;BELIA;cpbelchite@educa.aragon.es;976.830.316
50009993;CONCEPCIÓN ARENAL;cpeacarzaragoza@educa.aragon.es;976.296.491
50009361;JUAN DE LANUZA;colegio@juandelanuza.org;976.300.336
50009373;JOSÉ CAMÓN AZNAR;cpjcazaragoza@educa.aragon.es;976.329.102
50009385;ZALFONADA;cpzalzaragoza@educa.aragon.es;976.734.500
50009397;TENERÍAS;cptenzaragoza@educa.aragon.es;976.292.950
50009403;LAS FUENTES;cplfuzaragoza@educa.aragon.es;976.494.900
50009415;GLORIA ARENILLAS;cpgarzaragoza@educa.aragon.es;976.572.838
50009452;MARÍA MOLINER;cpmmozaragoza@educa.aragon.es;976.380.991
50009786;ANTONIO MARTÍNEZ GARAY;cpamgzaragoza@educa.aragon.es;976.774.417
50000734;SAN RAFAEL;rosariova12@yahoo.es;976.830.059
22003586;CINCA-CINQUETA;crabielsa@educa.aragon.es;974.506.161
22001243;ALTO ARA;crabroto@educa.aragon.es;974.486.317
22001656;RAMÓN J. SENDER;cpchalamera@educa.aragon.es;974.461.617
50010144;PABLO SERRANO;iespsezaragoza@educa.aragon.es;976.491.015
44004690;ALTO MAESTRAZGO;cracantavieja@educa.aragon.es;964.185.129
44004707;SOMONTANO-BAJO ARAGÓN;cramata@educa.aragon.es;978.849.357
44004719;PALMIRA PLÁ;cracedrillas@educa.aragon.es;978.774.162
44004720;ARIÑO-ALLOZA;craarino@educa.aragon.es;978.817.133
44004732;OLEA;cracastellote@educa.aragon.es;978.887.415
44004744;ALIFARA;craalifara@educa.aragon.es;978.854.553
44004756;TASTAVÍNS;crapenarroya@educa.aragon.es;978.896.796
44004768;DE MARTÍN DEL RÍO;cramartinrio@educa.aragon.es;978.750.022
44004771;DE MUNIESA;cramuniesa@educa.aragon.es;978.810.652
44004781;PÓRTICO DE ARAGÓN;craportico@educa.aragon.es;978.804.418
44004793;DE ALBARRACÍN;craalbarracin@educa.aragon.es;978.710.052
44004801;BAJO MARTÍN;crapueblah@educa.aragon.es;978.826.316
44004471;REGALLO;crapuigmoreno@educa.aragon.es;978.838.179
44004045;VALLE DEL JILOCA;iescalamocha@educa.aragon.es;978.730.137
44004082;DE CANTAVIEJA;ehcantavieja@educa.aragon.es;964.185.027
50006803;MARÍA INMACULADA;info@zaragoza.colegiosclaretianas.org;976.331.764
50010818;MARCO VALERIO MARCIAL;cpeacalatayud@educa.aragon.es;976.889.389
50010821;RICARDO SOLA ALMAU;cpeacarinena@educa.aragon.es;976.621.079
50010831;JOAQUÍN COSTA;cpeacaspe@educa.aragon.es;976.639.022
50010843;EXEA;cpeaejea@educa.aragon.es;976.662.865
50007996;VILLA CRUZ;colegiovillacruz@colegiovillacruz.com;976.271.205
50008034;BAJO ARAGÓN;colegio@bajoaragon-marianistas.org;976.414.300
50008356;CESÁREO ALIERTA;cpcalzaragoza@educa.aragon.es;976.557.935
50008666;AUGUSTA BÍLBILIS;cpabcalatayud@educa.aragon.es;976.881.743
50008678;RECTOR MAMÉS ESPERABÉ;cpmeejea@educa.aragon.es;976.661.323
50008691;RAMIRO SOLÁNS;cprsozaragoza@educa.aragon.es;976.344.865
50009889;ACADEMIA MARCO;info@academiamarco.com;976.441.699
50009944;MONSALUD;cpmonzaragoza@educa.aragon.es;976.300.011
50005641;FERNÁNDEZ VIZARRA;cpfvizaragoza@educa.aragon.es;976.785.828
50005653;MAESTRO DON PEDRO ORÓS;cppomovera@educa.aragon.es;976.586.433
50005677;JUAN PABLO BONET;cpjpbzaragoza@educa.aragon.es;976.574.495
50005690;DE MOVERA;cpifpmovera@educa.aragon.es;976.586.284
50010272;EL SALVADOR;colegio@jesuitaszaragoza.es;976.353.400
50010284;COMUNIDAD DE DAROCA;iesdaroca@educa.aragon.es;976.802.072
50010296;INFANTA ELENA;cpieutebo@educa.aragon.es;976.774.442
50010302;FRANCISCO GRANDE COVIÁN;iesfgczaragoza@educa.aragon.es;976.422.308
50010314;LOS ENLACES;cpilosenlaces@educa.aragon.es;976.300.804
50010028;ALAÚN;centroalaun@alaun.es;976.611.374
50009725;CODEF;codefadultos@adunare.org;976.332.638
50009749;LA ESTRELLA;cpleszaragoza@educa.aragon.es;976.470.262
50009762;Nº 1;eoi1z@educa.aragon.es;976.357.400
50010430;PABLO BRUNA;emusipbruna@darcultura.e.telefonica.net;976.801.037
50017527;PIRINEOS;einfantil-pirineos@zaragoza.es;976.513.323
50017242;EL CARMEN;guarderia@parroquiadelcarmen.es;976.404.599
50011781;VALLE DE TENA;secretaria@fpvalledetena.com;976.550.365
50011793;ARTE-MISS ZARAGOZA, CENTRO 1;arte-miss@arte-miss.com;976.331.188
50011801;JOSÉ ANTONIO LABORDETA SUBÍAS;cpjalzaragoza@educa.aragon.es;976.737.842
50011811;CHIQUITINES II;martica.ml@hotmail.com;976.577.370
50011847;JOSEFA AMAR Y BORBÓN;cpavzaragoza@educa.aragon.es;976.732.450
50011872;VILLACAMPA;einfantil-villacampa@zaragoza.es;976.523.283
50017011;EDUCANDO;ceieducando@gmail.com;976.282.997
50008587;ODÓN DE BUEN;cpzuera@educa.aragon.es;976.680.114
50008605;NUESTRA SEÑORA DEL PILAR;secretaria@nspilarzuera.com;976.680.116
50008617;SAN GABRIEL;secretaria@sangabriel.es;976.680.044
50008629;E.F.A. EL SALTO;elsalto@efasdearagon.es;976.680.370
50008630;CEDES;secretaria@fundacioncedes.es;976.515.121
50008642;MARÍA MOLINER;iesmmozaragoza@educa.aragon.es;976.331.803
50009488;LOS PUEYOS;pueyos@pueyos.org;976.570.244
50017059;CENTRO DE DISEÑO HACER CREATIVO;secretaria@hacercreativo.com;976.400.325
50017060;FEDERICO CHOPÍN;chopin@chopinzaragoza.com;976.333.435
50017072;PARQUE GOYA;cppgzaragoza@educa.aragon.es;976.106.388
50017084;PEQUEAYUD;pequeayud@gmail.com;976.882.231
50017096;ARSENIO JIMENO;info@centroformacion.ugt.org;976.700.500
50017114;FERNANDO LÁZARO CARRETER;eoizuera@educa.aragon.es;976.690.483
50017126;DE ALCAÑIZ;iescaspe@educa.aragon.es;976.630.208
50017141;ZAGALICOS;zagalicosherrera@gmail.com;976.143.106
50017151;CALATORINES;calatorao1@terra.es;976.607.804
50017163;FUNDACIÓN EL REFUGIO;secretaria@hermandaddelrefugio.es;976.221.837
50017175;NTRA. SRA. DE LOS DOLORES;patronato@albadanet.com;976.499.703
50017187;MIGUEL ARNAUDAS;ayuntamiento@alagon.net;976.611.814
50017199;ESCUELA DE MÚSICA;cmolino@ayto-utebo.es;976.770.000
50017205;NUESTRA SEÑORA DE LA ROSA;gil@casetas.e.telefonica.net;976.772.781
50017217;ALDEAS INFANTILES SOS DE ESPAÑA;yestebanez@aldeasinfantiles.es;976.582.813
50017229;BOLANDRINA;bolandrina@hotmail.com;976.203.924
50017230;ESCUELA DE MÚSICA;escuelademusica@aytoejea.es;976.677.769
50007467;LA SALLE FRANCISCANAS GRAN VÍA;direccion.granvia@lasalle.es;976.306.060
50011562;ANTONIO BELTRÁN MARTÍNEZ;cpabmzaragoza@educa.aragon.es;976.332.864
50011574;CPA-SALDUIE;info@cpasalduie.com;976.522.741
22002168;BALTASAR GRACIÁN;iesgraus@educa.aragon.es;974.540.157
50011598;SANTA MARÍA;cmusicasantamaria@jrsmaria.e.telefonica.net;976.293.871
50011604;CITTÁ DI ROMA;conservatorio@cittadiroma.es;976.597.136
50011628;TIC TAC;isafernandezgas@telefonica.net;976.472.114
50011631;MARCO ALDANY TALLER DE PELUQUEROS;zaragoza_marcoaldany@hotmail.com;976.384.397
50011641;ANGEL MINGOTE;angelmingote@gmail.com;976.568.484
50011653;RUBINSTEIN;academiarubinstein@msn.com;976.332.346
50011665;BAIX MATARRANYA;iesmaella@educa.aragon.es;976.638.800
50011677;VALLE DEL HUECHA;iesmallen@educa.aragon.es;976.861.409
50011690;REYES CATÓLICOS;iessadaba@educa.aragon.es;976.675.425
50011707;BENJAMÍN JARNÉS;iessastago@educa.aragon.es;976.172.192
50011719;BENJAMÍN JARNÉS;iesbelchite@educa.aragon.es;976.839.075
50011720;SABINA ALBAR;iesbujaraloz@educa.aragon.es;976.173.220
50011732;MAR DE ARAGÓN;iescaspe@educa.aragon.es;976.630.208
50011756;PELUCHE;peluche@ci-peluche.com;976.560.005
50011461;ALFINDÉN;cpeaalfinden@educa.aragon.es;976.108.571
50008125;CORONA DE ARAGÓN;iescorzaragoza@educa.aragon.es;976.467.000
44003171;LA PURÍSIMA Y SANTOS MÁRTIRES;lpsm@planalfa.es;978.601.161
50005598;JULIÁN NIETO TAPIA;cpjntzaragoza@gmail.com;976.340.620
50005616;SAN ANTONIO;director.sanantonio@atades.org;976.331.940
50005628;SAN ALBERTO MAGNO;secretaria@colegioaleman.com;976.340.321
50005631;HERMANOS ARGENSOLA;cpharzaragoza@educa.aragon.es;976.575.325
22002302;JUAN XXIII;cpjxxhuesca@educa.aragon.es;974.220.296
22002338;PÍO XII;cppxhuesca@educa.aragon.es;974.223.593
22002673;SAN JUAN DE LA PEÑA;cpsjphuesca@educa.aragon.es;974.356.370
22002703;ESCUELAS PÍAS;joseignaciobilbao@escolapiosemaus.org;974.360.392
44004124;ISABEL DE SEGURA;cpeateruel@educa.aragon.es;978.607.881
44004148;GLORIA FUERTES;ceeandorra@educa.aragon.es;978.842.652
44004173;DE TERUEL;cpmteruel@educa.aragon.es;978.605.714
50010247;SANTA ANA;cpmainar@educa.aragon.es;976.807.218
50018921;ZAGALINES;alhama@dpz.es;976.840.018
50010399;RÍO EBRO;cprebzaragoza@educa.aragon.es;976.517.021
44010598;SAGALETS (AULA DE MONROYO);administracion@matarranya.org;978.890.860
22010761;DE PEÑALBA;aytopenalba@monegros.net;974.462.031
50018957;DE LONGARES;longares@dpz.es;976.142.596
50018945;DE LÉCERA;lecera@dpz.es;976.835.001
50011896;INSTITUTO UNIVERSITARIO DE INVESTIGACIÓN;;976.762.760
50011902;INSTITUTO UNIVERSITARIO DE INVESTIGACIÓN;ina@unizar.es;976.762.777
50600774;EL PARAISO;guarde.blanca@hotmail.es;976.426.702
50700069;MARÍA DE ÁVILA;administracion@espaciomariadeavila.es;976.563.248
50010910;SANTA CECILIA;jorgesope@hotmail.com;976.271.564
22010001;SAN JORGE;centroescolar@aspacehuesca.org;974.227.962
50600336;LO FORN;nonaspe@dpz.es;976.636.454
50600361;DE REMOLINOS;remolino@dpz.es;976.618.112
50600889;LUCAS;marissa201109@hotmail.com;976.435.687
50601043;CHITTY;guarderiachitty@yahoo.es;976.513.877
50601055;DUMBO;jalbala@hotmail.es;976.501.099
50601079;SAGASTA;info@colegiosagasta.com;976.270.344
50601080;MAFALDA;conchita.benasach@telefonica.net;976.416.082
50601092;CHIQUITINES;tcaldana07@hotmail.com;976.354.414
50601109;COLORINES;jardindeinfanciacolorines@gmail.com;976.562.190
50601122;MAFALDA;asunmafalda@hotmail.com;976.326.648
50601134;MAFALDA;;976.518.325
50601161;ROSA'S;;976.774.285
50601171;ALAMEDA;solpostigouriol@yahoo.es;976.358.373
50601183;RUSIÑOL;carmenbarcelobes@yahoo.es;976.498.107
50601195;WALT DISNEY;levasan@hotmail.com;976.437.535
50601021;BURBUJAS;;976.219.689
50600634;ARCO IRIS;lauraguarderia@hotmail.com;976.786.476
50600646;DISNEY;anamarinsalvador@gmail.com;653.931.640
50600658;LA GUARDE;laguarde_villanueva@hotmail.com;976.186.961
50600661;CENTRO INFANTIL APOYO Y RECREO;mimundo@telefonica.net;976.252.810
50600683;AITANA;guarderiaaitana@gmail.com;976.283.029
50600695;ALIERTA;contacta@mundounido.info;976.596.859
50600725;ANGELITOS;vanecerrada@hotmail.com;976.736.044
50600737;CHAVALICOS;chavalicos@aceinzar.es;976.492.748
50600750;CHICOS;ceichicos@gmail.com;976.564.026
50600762;CHUPETIN;escuelachupetin@gmail.com;976.527.044
22010293;LA FONTANETA;aytoayerbe@reinodelosmallos.com;974.380.895
50011689;JOAQUÍN TORRES;iesmequinenza@educa.aragon.es;974.465.073
50017394;JUNQUICOS;junquicos@lapuebladealfinden.es;976.109.676
50011501;CONSERVATORIO MUNICIPAL PROFESIONAL DE D;conservatoriodanzasecretaria@zaragoza.es;976.721.730
22700133;DE FRAGA;cprfraga@educa.aragon.es;974.472.347
50700240;C. ARAGON. RECU. EDUC. INCLUSIVA (CAREI);carei@aragon.es;976.713.025
22005662;DE SABIÑÁNIGO;eoisabinanigo@educa.aragon.es;974.484.045
22006034;BAJO CINCA;cpeafraga@educa.aragon.es;974.453.733
44004677;PABLO ANTONIO CRESPO;craaliaga@educa.aragon.es;978.771.442
50011823;ESCUELA UNIVERSITARIA DE TURISMO;acaeturz@unizar.es;976.203.120
50011859;INSTITUTO DE CIENCIA DE MATERIALES DE AR;director.icma@csic.es;976.761.231
50011860;LABORATORIO DE INVESTIGACIÓN EN TECNOLOG;director.litec@csic.es;976.716.303
50017801;CU CU-TAS TAS;escuelainfantil@cucutastas.es;976.733.944
22005546;ESCUELA UNIVERSITARIA DE ESTUDIOS EMPRES;admeueeh@unizar.es;974.239.373
50011914;INSTITUTO UNIVERSITARIO DE INVESTIGACIÓN;iuch@unizar.es;976.762.284
50011926;UNIVERSIDAD SAN JORGE;;902.502.622
50011938;ESCUELA POLITÉCNICA SUPERIOR;info@usj.es;976.060.100
50011941;FACULTAD DE CIENCIAS DE LA COMUNICACIÓN;info@usj.es;976.060.100
50011951;ESCUELA SUPERIOR DE ARQUITECTURA;info@usj.es;976.060.100
50011963;FACULTAD DE BELLAS ARTES;info@usj.es;976.060.100
50011975;FACULTAD DE PSICOLOGÍA;infousj@svalero.es;976.060.100
50011987;INSTITUTO UNIVERSITARIO DE INVESTIGACIÓN;bifi@unizar.es;976.562.212
50017709;DE GALLUR;gallur@dpz.es;976.864.068
50017001;ANDARINES;andarines1@hotmail.com;976.523.260
50005483;VIRGEN DE GUADALUPE;vguadalupez@planalfa.es;976.754.080
22010177;LA MAINADA;aytocastejondesos@aragon.es;974.553.000
50017631;DE ALAGÓN;ayuntamiento@alagon.net;976.613.104
50017692;DE MALLÉN;aytomallen@aytomallen.com;976.850.196
22010271;LUPITA;vencillon@lalitera.org;974.434.310
50017734;LAS BALSAS;culturzuera@hotmail.com;976.690.428
50017746;DE CASPE;gesclan@terra.es;976.631.430
50011884;INSTITUTO UNIVERSITARIO DE CIENCIAS DE L;secice@posta.unizar.es;976.761.494
22010268;DE BIESCAS;esinfantilbiescas@hotmail.com;974.485.316
50900022;DIPUTACION GENERAL DE ARAGON;;976.714.000
50900010;COMUNIDAD AUTONOMA DE ARAGON;;976.714.000
50008769;SERVICIO PROVINCIAL;;976.716.400
44004008;SERVICIO PROVINCIAL;;978.641.250
22004645;SERVICIO PROVINCIAL;;974.221.400
44004811;DEL MEZQUÍN;cracastelseras@educa.aragon.es;978.877.131
44005219;ESCUELA DE MÚSICA Y DANZA;monreal_em@hotmail.com;978.863.373
50700021;DE EJEA DE LOS CABALLEROS;cifeejea@educa.aragon.es;976.677.160
50700033;JUAN DE LANUZA;cprzaragoza2@educa.aragon.es;976.395.550
50700045;DE ALMUNIA DE DOÑA GODINA (LA);cprofesoradoalmunia@educa.aragon.es;976.811.732
50017783;ARCO-IRIS;aytocadrete@cadrete.org;976.126.572
50017795;EVARISTO BERNAL;fernandoromeroterrel@gmail.com;976.180.559
22900031;ARCHIVO HISTORICO PROVINCIAL;Hphuesca@aragon.es;974.239.880
22900021;BIBLIOTECA PUBLICA;bibliohuesca@aragon.es;974.239.020
22900018;MUSEO;museohu@aragon.es;974.220.586
44900038;DE TERUEL;bibliotecateruel@aragon.es;978.641.430
44900026;ARCHIVO HISTORICO PROVINCIAL;archivoteruel@aragon.es;978.608.387
44900014;"MUSEO MONOGRÁFICO ""JOAN CABRE""";mjuancabre@aragon.es;978.851.479
50900058;BIBLIOTECA DE ARAGÓN;;
50005744;ANDRÉS OLIVÁN;cpaolzaragoza@educa.aragon.es;976.150.249
50011151;TRES RIBERAS;cramaluenda@educa.aragon.es;976.890.289
50011239;ÍNSULA BARATARIA;crainsulabarataria@educa.aragon.es;976.651.240
50011458;CASA CANAL;cpeaccazaragoza@educa.aragon.es;976.278.886
50010855;EMILIO NAVARRO;cpeautebo@educa.aragon.es;976.462.768
